name,url,formed,street,city,state,zip
Auer-Murphy,http://rutherfordglover.biz/,5/28/1979,144 Mikalah Turnpike,West Willchester,MT,61778
"Nicolas, Rice and Oberbrunner",http://schulist.biz/,2/22/1973,49963 DuBuque Extensions,East Alissonmouth,NM,51905
Rolfson-Lindgren,http://www.hamillwatsica.com/,2/17/1984,60440 Aryanna Squares Apt. 072,Hodkiewiczside,MN,7752
"Schneider, Heaney and Kunze",http://haleylind.biz/,4/27/1985,2360 Deron Burg Apt. 060,East Elberta,NY,61035
Hettinger-Langosh,http://balistreriheller.biz/,6/22/2014,91759 Botsford Lodge,Baileymouth,RI,53595
"Von, Skiles and Labadie",http://www.dickens.com/,2/16/1988,3719 Juana Isle Apt. 050,Irineborough,KS,26421
"Kertzmann, Kovacek and Rolfson",http://www.ferrywalker.net/,11/10/1979,2210 Tromp Tunnel,Codiemouth,WY,2414
Bechtelar Ltd,http://schadenweimann.com/,6/15/1997,1361 Ester Key,West Rosariachester,IA,21057
Hirthe and Sons,http://www.davis.info/,10/11/1979,8652 Rico Motorway Suite 496,Hyattton,PW,79330
"Kuhlman, Gutmann and Weissnat",http://www.reichel.biz/,1/9/2012,30079 Miah Garden Suite 167,East Juliannehaven,NV,22276
Howell-O'Keefe,http://bednar.com/,9/12/1993,45244 Rashida Isle Suite 324,Kaleborough,AL,42511
"McLaughlin, Feeney and McLaughlin",http://www.schultz.com/,10/13/1975,191 Volkman Rue,Lake Abramshire,FL,67708
"Turcotte, Wisoky and Schaden",http://paucek.com/,1/22/1977,4617 Maryann Shore,Zelaton,MI,19140
Hilll-Zboncak,http://www.robelwalker.net/,4/1/2002,862 Mills Port Suite 960,South Andra,ID,711
"Halvorson, Keebler and Sipes",http://www.pagac.info/,8/21/2011,628 Grimes Fords,South Rutha,GA,81342
Adams-Bartoletti,http://www.turnermiller.net/,5/3/1970,7005 Rau Manor,Port Laurene,HI,20254
Lowe Inc,http://www.johnston.com/,4/18/1975,008 Jaslene Lake Apt. 172,West Tatia,SD,6230
"Toy, Kunde and Buckridge",http://ankunding.com/,1/25/1976,21660 Claribel Crest Suite 643,East Marin,IL,8302
"Kohler, Reichel and Hodkiewicz",http://rath.biz/,4/26/1974,57945 Cruickshank Mission Suite 018,North Annie,DE,54409
"Russel, Yundt and Klein",http://www.nitzsche.info/,5/31/1988,217 Gorczany Station,South Janeyview,OH,81174
Bogan-Prohaska,http://www.leannon.org/,7/23/2004,991 Rolfson Locks Suite 981,Lake Meta,WY,36256
Ebert PLC,http://ziemann.com/,7/24/1978,047 Handy Forges Apt. 277,Jacobistad,OR,42788
"King, Grady and Nicolas",http://lindgren.com/,5/18/2002,8920 Denisse Ridge Apt. 675,Bryanamouth,RI,65124
Parisian and Sons,http://skiles.com/,4/8/2009,20094 Gaylord Via Suite 197,Dickinsonview,IA,82770
Huel-Waelchi,http://mckenzie.com/,6/1/1990,85028 Hoppe Ramp,Tristafurt,CA,96968
"Will, Price and Jewess",http://rogahn.com/,7/17/1975,211 Dominque Pine Suite 660,East Mordechaiborough,IN,38332
Bogan LLC,http://aufderharboyle.com/,10/17/1972,65793 Caden Prairie,New Shaynachester,PR,14421
Tromp and Sons,http://www.hilpert.com/,3/12/2005,79112 Metz Radial Apt. 851,Lake Williehaven,NH,21440
Mann-Smitham,http://bradtkeanderson.com/,12/7/1983,57070 Jacquelyn Isle Suite 582,Lake Ammontown,FL,13959
Wisoky-Donnelly,http://emmerich.net/,1/28/1972,331 Thad Club Apt. 863,Lake Danielaport,SD,23090
"Considine, Stamm and Rippin",http://quigleykuvalis.com/,5/5/1980,19871 Pacocha Flats Apt. 349,New Lelah,FL,62826
Gaylord-Jaskolski,http://www.swiftlang.com/,1/20/1985,9787 Eichmann Route,New Nicola,WV,93417
Kunde-Kling,http://www.beier.com/,1/9/1970,2562 Tracey Port Apt. 078,Allytown,DE,69568
"Cremin, Weissnat and Terry",http://www.schinner.com/,11/7/1992,1029 Ortiz Plaza Suite 704,North Felicitas,SD,73085
"Kuvalis, Hessel and Senger",http://bernier.org/,3/25/1996,758 Marland Islands Suite 871,Willodeanstad,IA,7516
"Reinger, Larkin and Lubowitz",http://www.ferryborer.com/,3/18/1990,2277 Dickinson Cape Suite 583,Maleahberg,FL,34466
Bednar PLC,http://bartoletti.com/,7/8/1997,095 Iona Prairie Apt. 928,Lake Ida,LA,67012
"Haag, Mertz and Schaden",http://www.kshlerin.com/,3/11/2015,77326 Toy Dam Apt. 128,Lake Avistown,GA,11215
Jakubowski-Shanahan,http://www.torp.net/,2/13/2009,1815 Garland Junction Apt. 415,Bryceton,OR,2632
"Sanford, Dickinson and Hermann",http://luettgen.com/,11/29/2000,262 Rogahn Drive Suite 206,East Nicollechester,FL,67585
"Ebert, Torphy and Lowe",http://shieldscartwright.net/,3/29/1976,476 Kshlerin Motorway,West Fran,MP,86242
"Miller, Pfeffer and Hahn",http://www.ferry.info/,6/21/2014,32707 Von Roads,East Norval,MT,35723
Deckow-Runte,http://www.ferry.info/,11/7/1972,9264 Jessie Burgs,Lake Azalee,NV,20420
"Cremin, Doyle and Abernathy",http://www.schultz.info/,6/2/2003,3476 Schuster Underpass Suite 635,Hilpertmouth,WI,67506
"Prosacco, Strosin and Casper",http://www.dicki.com/,6/3/1983,32350 Carroll Neck Apt. 859,East Reynaldofurt,AL,12547
Gerhold-Mayer,http://moorereinger.com/,9/24/1995,1883 Fisher Wells Suite 845,Elzaview,WA,11178
"Fritsch, Hintz and Morar",http://olson.com/,8/11/1990,17758 Ankunding Burgs,Mosciskiland,WV,8301
"Botsford, Lehner and Parker",http://www.conroyhegmann.biz/,7/5/1988,552 Auer Summit,Alfordport,MD,7822
"Kiehn, Aufderhar and Spinka",http://www.erdmanokuneva.com/,11/28/1981,2157 Erika Plaza Suite 650,Goodwinland,WV,44701
Cummings PLC,http://www.strosin.biz/,8/7/2007,44548 Sharlene Knoll,North Jamal,NM,32630
Cartwright-Kuhlman,http://www.quitzon.com/,10/27/2005,9345 Leffler Turnpike Apt. 022,Port Francesco,AR,64417
Mayert LLC,http://www.okeefe.org/,9/27/1989,733 Harman Branch,Lake Santiago,UT,67536
Koepp-Hamill,http://considine.com/,9/17/2009,9095 Smith Brooks Suite 823,Bennybury,NE,27888
Mills-Botsford,http://www.brown.info/,6/14/2006,4707 Elizabet Camp Suite 806,South Brooke,WY,20450
"Ullrich, Lynch and Ledner",http://berge.com/,10/15/1979,83025 Herman Shores,New Erykah,OR,69755
"Weimann, Pouros and Hermiston",http://borer.com/,9/6/1996,6107 Perla Crossroad Apt. 328,Harmanside,VA,19980
"Morar, Friesen and Bruen",http://beattybecker.com/,7/15/1994,268 Ilda Valley Apt. 452,New Authormouth,WA,36469
Ernser-Parisian,http://lind.com/,11/16/1970,2628 Mignon Haven Apt. 027,Hartmannchester,IA,9977
Lueilwitz-Hand,http://raynorskiles.com/,7/22/2013,03022 Adron Club,Leschmouth,PW,92192
Hills LLC,http://www.kessler.com/,10/1/1997,81266 Oda Crescent Suite 008,East Giannaport,AK,46359
Schaden-Feeney,http://www.schaefer.info/,8/30/1989,99676 Jefferey Flats Suite 252,South Orris,CA,43098
Grimes-Kulas,http://www.tromp.com/,3/30/1991,545 Carolyne Plain Suite 610,Nadershire,SC,54174
Lueilwitz Group,http://www.christiansen.net/,2/13/1993,0863 Friesen Parks,Tawnyafort,CT,15299
Gislason Ltd,http://kris.com/,1/21/2002,306 Daugherty Trail Apt. 881,Moenview,CT,97540
"Lind, Abshire and Terry",http://www.volkman.info/,2/22/1975,1555 Huel Dale,Huelton,CO,97437
Monahan Group,http://www.koch.biz/,11/9/1994,6513 Francisca Manors,Port Traciehaven,AR,37294
Smith-Wehner,http://goldner.com/,1/21/2007,510 Simonis Village,Bayerhaven,SD,60567
Cremin-Toy,http://www.gerlachcormier.com/,1/17/1973,24169 Jakayla Squares,North Romona,DE,47832
Feeney Ltd,http://rohan.com/,5/29/2010,4868 Trantow Hills Apt. 397,Kundeside,NV,34871
"Bergstrom, Schinner and Nolan",http://www.glover.net/,12/6/1971,7798 Sammy Station Suite 767,Purdyshire,UT,76024
Schumm-Stamm,http://balistreri.com/,12/6/1980,708 Nevin Throughway,New Vanfort,WA,641
Schamberger Inc,http://reingergaylord.com/,2/7/2009,6768 Texie Mall,East Leeannville,WI,37504
Volkman LLC,http://adamsjacobson.net/,5/14/1988,9476 Florrie Forest Suite 519,West Erickamouth,AK,11705
Balistreri-Bernier,http://www.pollich.net/,7/4/2003,241 Schroeder Dale,Burenton,IN,83955
Grimes LLC,http://www.auer.biz/,8/22/2011,97108 Ike Fields,Sydniefurt,NM,74889
Hessel-Haley,http://hills.com/,8/4/2007,9168 Dicki Summit,East Tillmanshire,TN,17804
Abshire LLC,http://www.hilllschowalter.info/,9/17/1973,1749 Loreen Motorway Suite 784,Daniton,MA,41267
Morissette Inc,http://reynolds.com/,3/14/2014,534 Paucek Course,Lake Luverneland,WY,10390
Crooks LLC,http://www.kleinhuels.com/,11/23/1979,30213 Konopelski Trail,West Jerimiahton,MN,16697
"Stehr, Schaefer and Hirthe",http://www.osinski.net/,1/14/1975,5904 Cruickshank Courts Apt. 543,Mannberg,AK,909
"Cronin, Prohaska and Blanda",http://wisoky.com/,10/1/1970,98946 Dalia Burgs Apt. 473,Batzburgh,MI,72497
Kassulke-Fahey,http://glover.biz/,7/1/1978,262 Bosco Mountains,Demariohaven,ME,17484
Dickinson-Larson,http://www.baumbach.com/,10/24/1996,128 America Terrace Suite 832,South Gerry,OK,548
West PLC,http://www.conroy.com/,9/22/2005,48610 Joelle Divide Apt. 562,Lake Adilene,NJ,2221
Lindgren Inc,http://kilback.info/,2/19/1971,04013 Jamil Club Apt. 207,Lake Ethie,TN,24559
"Dare, Williamson and Brekke",http://simonis.org/,12/26/2004,98717 Iva Hollow Apt. 356,Paucekport,IA,45152
Kuhn-McClure,http://zulauf.com/,1/27/1984,86623 Alfonso Ferry Apt. 410,East Teelaberg,IA,64627
Labadie Ltd,http://feest.biz/,7/21/1999,69294 Clotilda Mission Apt. 122,East Dorine,NC,16531
"Jacobson, Stoltenberg and Schaden",http://www.steuberreinger.org/,7/29/1972,1528 Hickle Shore,Garfieldburgh,MI,72732
"Kiehn, Considine and Kemmer",http://kub.biz/,9/15/2000,0126 Oley Mills Apt. 111,Port Emmett,TN,71667
Dooley-Feil,http://www.naderfisher.com/,6/11/1991,3267 Dare Spur Suite 813,Bechtelarburgh,UT,27268
Marvin PLC,http://greenfeldergorczany.com/,5/7/1996,2885 Jast Creek,East Macey,WA,25199
Wolf and Sons,http://www.wehner.com/,3/30/1997,487 Toy Path,Feilshire,TX,34524
Hartmann Inc,http://www.lowe.info/,6/20/2004,9709 Schroeder Corner,South Darcy,TX,93597
"Ankunding, Ryan and Kilback",http://vandervort.com/,3/24/1982,980 Viola Ridges Suite 125,South Heathbury,VT,92972
Hettinger-Reinger,http://kuhlman.biz/,8/27/2013,6863 Daulton Walks Suite 252,West Marloport,NC,29067
Rice Group,http://douglas.com/,10/7/2007,41605 Tanya Valley,Lake Marcelleshire,AS,94238
Feeney-Lowe,http://west.org/,12/26/1981,9717 Schiller Viaduct Apt. 979,O'Reillyland,MS,81492
Gleichner Inc,http://www.dickens.com/,6/19/1989,477 Ratke Drives,Pfannerstillhaven,GA,40527
Goldner-Hessel,http://treutelortiz.com/,6/25/1999,802 Kling Courts Suite 883,Archieview,CT,66025
Cremin LLC,http://brown.biz/,7/13/2014,796 Beckett Forks Apt. 014,Port Alexis,OR,16971
Mertz-Collier,http://murray.com/,10/29/1995,828 Delaney Coves Suite 720,Delliemouth,KY,31068
"Ebert, Fisher and Walsh",http://www.fisherswaniawski.org/,5/2/1985,135 Lorrie Lodge,Bauchmouth,WY,26379
Orn-Monahan,http://monahan.com/,3/24/2001,81824 Gunner Row Suite 807,Auerfurt,UT,29248
"Huels, Mann and Sawayn",http://www.torpleffler.info/,8/24/1988,67054 Dayana Common Apt. 616,Candishaven,FM,64725
Ebert and Sons,http://olson.biz/,3/22/1972,3879 Heaven Spurs Apt. 441,Drucillamouth,FL,97179
Von-Reinger,http://pagacconnelly.info/,1/18/1972,241 King Parks Suite 071,South Kaylah,AR,1642
Streich PLC,http://considine.com/,3/7/2003,52056 Oakley Highway Suite 844,North Darbyburgh,AL,93593
Bechtelar Ltd,http://www.weimann.info/,10/2/2009,34585 Kozey Cove,Borisfort,ID,5906
Rolfson LLC,http://nolanthompson.com/,12/31/1971,71424 Lylah Harbor,Lake Loree,ME,79445
Carroll-Watsica,http://www.deckowmorar.biz/,5/27/1976,681 Jadyn Rapids,Aleneberg,GA,17982
Kovacek Group,http://kilbackmoore.biz/,9/11/2015,12321 Purdy Expressway Suite 185,Howemouth,ID,12979
"Gutkowski, Dare and Ullrich",http://kochswaniawski.com/,6/16/2005,5142 Smith Springs,Port Rodrickchester,MD,43205
Anderson-Ratke,http://sauer.com/,7/14/2013,7722 Butler Fork Apt. 906,East Nantown,KS,55075
Wisoky Group,http://www.gerhold.com/,10/30/2001,5562 Desmond Prairie,Kohlerland,ND,76236
Auer Inc,http://mcclurekuvalis.org/,5/19/2010,38722 Ginny Club Apt. 833,Jerdechester,ME,59058
Jaskolski-Homenick,http://marquardtbalistreri.com/,4/9/2015,31114 Rippin Valley Apt. 103,North Maybell,NV,16785
"Bahringer, Shields and Cummings",http://www.jakubowski.com/,3/26/2005,9370 Sauer Forges Suite 539,North Renardborough,GA,85607
Hane-Torphy,http://www.bernier.com/,12/25/1993,8346 Lurana Run Suite 844,North Melinda,FL,96413
"Heathcote, Little and Hagenes",http://huelhartmann.net/,8/13/1970,159 Catalina Ridge,South Merletown,NE,23893
Reichert-Orn,http://lynchpacocha.biz/,12/25/1983,0091 Nienow Parkway Apt. 382,Lake Arloside,OR,95377
"Tillman, Boyle and Walsh",http://dare.com/,7/18/1987,7470 Nitzsche Port Apt. 897,Orieview,MI,1109
Robel-Mohr,http://www.vandervortkozey.org/,12/10/2005,143 Yasmine Cliffs,East Enoch,FM,70823
Mann LLC,http://www.torp.com/,1/16/1981,8625 Germaine Key Apt. 101,South Charlton,NH,14619
"Erdman, Cummings and Crist",http://nader.com/,9/10/1983,13806 Dixie Roads,Lesliberg,UT,95362
Abernathy Ltd,http://www.greenfelderhamill.com/,3/29/1986,7884 Ramona Drive Suite 172,North Rueben,CO,45709
Mayer PLC,http://www.kemmerebert.com/,11/22/1977,69359 Hoke Ridges,O'Kontown,TN,20852
Stroman Inc,http://www.tromp.org/,2/2/1989,18400 Kylene Mews,West Soledad,GU,86075
Glover Ltd,http://streichsawayn.org/,10/14/2001,06947 Hence Isle Suite 196,East Bascom,PW,83379
Cassin-Mraz,http://www.stamm.com/,1/11/2008,056 Alyssa Lane Apt. 280,West Alexandro,PA,7488
Barrows-Romaguera,http://www.schultz.biz/,10/2/1977,8432 Ondricka Mission Suite 656,North Effiemouth,KY,12924
Hoppe Inc,http://www.kessler.net/,3/27/2007,22710 McGlynn Road,New Whitney,AZ,25386
Hayes Ltd,http://olsonbergstrom.com/,8/7/1976,46982 Olie Forks,Iolabury,MT,38893
"Keeling, Hand and Moen",http://hartmann.biz/,1/23/2013,0809 Loring Ferry Apt. 709,North Steveland,UT,97758
"Thiel, Wyman and Swift",http://www.pagac.org/,3/24/1981,13189 Langosh Oval Apt. 614,Lake Marilee,FM,80389
"McClure, Wyman and Fay",http://rath.net/,10/7/1993,2106 Yost Walk Suite 678,West Brittonstad,IN,5200
Hamill-Schulist,http://www.wisozkthompson.com/,9/17/1982,3773 Flatley Coves,Pearlineview,PW,64884
"Steuber, Schmitt and Russel",http://www.mcclure.com/,1/23/1983,3498 Cordelia Fort,New Wilburville,NE,8020
Sporer Group,http://www.gerhold.biz/,3/13/2007,4708 Benard Trace,New Josueside,MD,21544
Barton-Emmerich,http://creminrolfson.com/,3/25/1970,59092 Aryana Unions Suite 923,South Demonte,CT,50223
Ruecker PLC,http://cartwright.com/,3/17/1994,59515 Boyer Crescent,Sanfordstad,NE,75275
O'Kon Inc,http://runolfsson.com/,8/30/1971,78689 Feil Trace Apt. 550,Blandahaven,MT,16581
Schmidt-Christiansen,http://www.mcglynnkutch.com/,9/8/1986,98158 Antonio Gateway Suite 830,Schimmelstad,NC,78219
Champlin-Paucek,http://cormier.com/,8/23/1994,958 Ananias Glen Suite 571,Strosinland,PR,994
"Gibson, Dickens and Ullrich",http://www.runte.com/,12/25/2013,5256 O'Conner Station,Eskerbury,IL,79684
Stark Inc,http://mcdermott.com/,9/26/2012,5068 Ardis Springs,Monahanville,CT,87431
Jacobs-Ritchie,http://www.gleichnerhalvorson.net/,11/26/1999,048 Mila Cape,Rolfsonberg,MP,34458
Gaylord and Sons,http://hagenes.com/,10/21/2001,92336 Luettgen Views,Dorseyville,AR,5543
O'Hara-Abbott,http://www.gaylord.com/,3/5/1975,2405 Kirt Lock,Lake Laverne,AZ,14623
Mills-Cremin,http://turcottejacobson.com/,11/3/1996,20924 Lasonya Canyon Apt. 879,Kimberleychester,MN,89521
Simonis Inc,http://www.littel.com/,6/21/1995,126 Mame Plaza,East Yusufstad,NY,88697
Wunsch LLC,http://wymanprohaska.org/,11/28/1975,5543 Britta Rapids,Omarshire,MA,80549
Schroeder Inc,http://www.wittingmarquardt.com/,9/26/2013,972 Shantell Streets,North Ayaanshire,OR,52977
"Olson, Hane and Bayer",http://www.bernierschuppe.com/,11/14/2007,4429 Mohr Wells Suite 361,Lake Carly,PA,31568
"Waelchi, Rice and Dooley",http://www.wymanferry.com/,7/24/1984,35570 Pearla Curve,West Ozzie,TN,66239
Bode LLC,http://daugherty.net/,5/5/1974,182 Edmund Ranch Suite 366,South Tanikaberg,FL,36342
"Cassin, O'Conner and Stiedemann",http://www.jewessheidenreich.com/,8/21/2012,25608 Homenick Knolls,Hodkiewiczbury,MO,33051
Oberbrunner-Kshlerin,http://www.mante.com/,8/1/1975,41731 Cassin Views,Hammesfurt,TX,90888
"Schulist, Kozey and Balistreri",http://www.cassinbode.com/,3/16/2005,1120 Chelsy Gateway Apt. 892,Dachview,DE,61707
Rohan Inc,http://rath.com/,9/22/2000,79473 Ruby Center,West Winifredburgh,RI,44911
"Lueilwitz, Lindgren and Lynch",http://www.botsfordhand.biz/,1/8/1975,10157 Renner Turnpike Suite 619,Lake Iyanaport,NH,33001
Botsford PLC,http://mcglynn.com/,11/6/1994,2072 Ceil Fall,McKenziefort,DE,85162
Schinner PLC,http://fahey.com/,12/20/1992,19310 Koepp Locks Apt. 120,Zulaufborough,NJ,9079
Kshlerin Inc,http://www.gorczanydietrich.com/,4/28/1979,99245 Stanton Mountains Suite 386,North Kris,DE,13834
Stracke-Reilly,http://jast.com/,2/25/2014,39822 Feil Shoal Suite 101,East Carleigh,WY,79393
Hoeger-Greenholt,http://www.considine.biz/,8/24/1999,88812 Jahiem Valleys Suite 354,North Egbertmouth,NH,6668
Gorczany-Weber,http://www.heathcotemckenzie.biz/,1/31/2005,70009 Gage Lock,South Barniebury,AL,77493
Wehner Ltd,http://murray.com/,1/5/2015,635 Leuschke Mall,Aviehaven,MD,75434
Marks LLC,http://schaeferpadberg.net/,8/24/1973,98675 Echo Causeway,Dolliemouth,WA,90991
"Willms, Runolfsson and Wolff",http://www.cassin.com/,12/11/1994,12178 Damion Hills Apt. 247,Lornaview,FL,64180
"Romaguera, Jacobson and Ryan",http://www.strosintorphy.net/,9/5/1975,864 Hermiston Circle,Kutchville,MA,32938
Mohr-Kassulke,http://www.ratke.info/,6/20/1986,01380 Greenholt Lakes Suite 053,Olineview,NM,31676
"Bernier, Sawayn and Feil",http://www.hesseldach.info/,12/8/1973,207 O'Reilly Port Apt. 447,Gustaveside,IL,91368
"Jast, Hirthe and Dickinson",http://www.rohan.com/,7/16/1997,294 Dickinson Curve,East Reillytown,ND,15179
Bashirian LLC,http://muller.com/,7/14/1989,31123 Carolann Mall,Cormierton,TN,49988
Fritsch-Russel,http://breitenbergroob.info/,8/21/1991,1213 Leighton Court,East Cordia,AL,97090
Swaniawski-DuBuque,http://mclaughlinbernhard.info/,1/19/1980,568 Feil Forges Apt. 662,Port Corychester,MT,8202
O'Conner Ltd,http://harberbuckridge.com/,1/13/1998,752 Lulie Trafficway,New Ronald,MO,2017
O'Conner-Glover,http://www.thompsongulgowski.com/,4/15/1987,059 Noemi Rapid,Exaton,ID,6824
Tremblay Ltd,http://friesen.com/,7/23/1986,669 Guadalupe Island Apt. 761,Port Miah,OR,64164
"Koepp, Wilkinson and Tromp",http://swift.com/,1/23/1984,00329 Fay Meadows Suite 736,South Beulah,MA,31763
"Greenfelder, Jast and Huels",http://koelpinzieme.biz/,8/24/2008,384 Welch Mountain,East William,WV,94214
"Kris, Welch and Langosh",http://mraz.com/,1/24/1977,5824 Dibbert Keys Suite 569,West Dylan,GU,1850
"Huel, Bruen and Trantow",http://www.keeling.info/,11/16/2014,1679 Berge Trafficway Suite 923,Lake Kaela,GA,11931
"Kuvalis, Bins and Koelpin",http://www.ullrich.net/,12/7/1978,2374 Daugherty Common Suite 046,West Almerburgh,FM,41173
"Nolan, Lindgren and Koss",http://donnelly.biz/,2/5/2002,680 Kemmer Hill Apt. 646,Juanaview,FL,90305
Okuneva Group,http://www.jerderoberts.com/,12/15/1984,32177 Deon Curve Suite 717,Lake Damien,AZ,77067
"Lebsack, Stanton and Mann",http://klockozboncak.com/,4/29/2002,03818 Angel Vista,Stoltenbergside,MO,85573
Hahn Group,http://www.torphy.org/,10/2/2014,192 Gerry Isle,Sauermouth,TX,43464
"Nitzsche, Dibbert and Koss",http://blanda.com/,4/17/1993,0378 Volkman Street,Rosenbaumtown,WV,84065
Stroman-Boyle,http://www.bartell.info/,8/9/2013,528 Lemke Gateway,West Greysonburgh,PR,84838
Kreiger and Sons,http://www.dicki.biz/,4/11/2014,8313 Semaj View Apt. 152,Cliffordberg,MN,71859
Christiansen-Reynolds,http://www.sporer.com/,2/27/2007,5495 Valentin Radial Apt. 258,West Jarred,NM,87624
Abbott Inc,http://www.nicolas.com/,1/17/2013,0619 Prince Run Suite 774,Ingerstad,VI,60939
Boyle-Hackett,http://kuhlman.com/,4/11/2011,019 Thiel Plaza,Lake Fayborough,MP,12108
Herzog PLC,http://www.hirthe.com/,5/9/1999,0196 Rubin Summit,Runteberg,VT,54878
Cummings-Hoppe,http://rempelquigley.com/,5/29/1974,412 Hodkiewicz Club Apt. 290,O'Reillyview,IA,29669
"Price, Miller and Stokes",http://kuphalhilpert.com/,9/12/2014,73905 Dare Mission Apt. 648,Strackestad,MA,88273
"Adams, Ritchie and King",http://www.goodwin.com/,4/17/1989,2185 Sariah Corners Suite 302,Luanneton,DC,45790
"Schamberger, Cruickshank and Hilpert",http://www.streich.net/,11/21/2003,823 Crist Camp,West Anjanette,AR,50596
"Doyle, Hodkiewicz and Hintz",http://bauch.com/,4/9/2001,3418 Terry Underpass Suite 241,Krajcikmouth,HI,44976
Nikolaus-Hyatt,http://www.dickinsonrath.com/,3/23/1992,3071 Harvey Drive Suite 707,Treasureberg,VA,64097
Schneider and Sons,http://www.pacocha.com/,6/17/1999,024 Bradtke Springs,Hegmannberg,CT,2687
Rempel-Schmeler,http://kirlin.info/,1/19/2000,5094 Marquardt Manors Apt. 396,North Dociaside,TX,27453
"Pacocha, Hand and Reichel",http://bodebreitenberg.com/,8/1/1987,2167 Octavius Forge,Agustafurt,PR,80359
Larson Group,http://hammes.com/,8/12/1989,7424 Morar Estate Apt. 378,West Elzyberg,WA,48565
"Koelpin, Kozey and Morissette",http://www.kuphalmoore.net/,7/4/1998,55644 Robel Haven,McCulloughbury,PW,54576
"Erdman, Emmerich and Funk",http://www.bradtkehackett.com/,7/13/2011,8619 Londyn Vista,West Blanchshire,OK,43820
"West, Rowe and Balistreri",http://runolfsdottirhodkiewicz.info/,8/13/2012,760 Merrill Hill Suite 435,North Ammaburgh,AK,46639
Rodriguez-Beatty,http://www.macejkovicbosco.com/,5/9/2012,0954 Esperanza Springs,North Lilliebury,PA,86811
Blanda Group,http://satterfieldglover.com/,12/18/1983,20794 Elroy Extensions Suite 248,McCulloughbury,VT,36733
"Fisher, Pfeffer and Russel",http://weissnat.com/,7/12/1974,834 Conn Plains Apt. 949,Casandraborough,NM,68836
"Brown, Leannon and Schuppe",http://ferryhodkiewicz.com/,7/24/1985,235 Metz Squares,Larsville,NY,75121
Russel-Hane,http://www.vonruedenconroy.biz/,3/23/1978,07801 Gusikowski Corner,Brandefurt,ME,68064
Littel Inc,http://www.reynolds.com/,4/26/2003,0725 Karley Circle Apt. 558,Port Deltonland,NV,44157
Green LLC,http://www.hesselfisher.com/,12/4/1992,397 Adrianna Mews,East Irvinechester,TX,46920
"Waters, Bayer and Runolfsson",http://corkeryolson.org/,10/9/1982,00726 Odalys Underpass Suite 907,Alesiaview,UT,29865
DuBuque Group,http://boyer.com/,2/7/2011,94974 Bogisich Loaf,Rauhaven,NV,13370
Treutel Inc,http://www.aufderhar.com/,12/13/2007,5864 Nikolas Ports Apt. 132,Braunchester,NV,80269
Konopelski-Turner,http://www.buckridgetowne.info/,10/24/2010,92862 Leif Road,East Merylborough,NM,53688
"Schowalter, Stracke and Ankunding",http://www.powlowski.org/,12/31/2010,7901 Chantal Junctions,East Martinastad,SD,54265
"Jast, Haag and Daugherty",http://www.kleinwatsica.info/,2/19/2001,0404 Marks Station,Hammeston,IL,45859
Kemmer LLC,http://nolanrunolfsdottir.org/,11/15/1976,789 Cherrie Dam Suite 972,Conroyton,KY,68025
Nitzsche-Ullrich,http://larkin.net/,10/21/1975,68419 Larson Cape Suite 973,Coleland,TN,57104
"Hermann, Medhurst and Schinner",http://kling.biz/,3/26/1976,30622 Sammie Squares Suite 169,South Pernellshire,WI,8473
"Barton, Christiansen and Toy",http://bechtelarward.com/,5/28/2013,71017 Leola Islands Apt. 183,New Lizaview,MI,71142
Renner-Stokes,http://predovicmedhurst.com/,8/23/1974,244 Gutmann Mill Suite 560,Margueritetown,NE,14652
"Bailey, Zulauf and Hane",http://www.hintz.com/,10/17/1976,6751 Lera Bypass,West Noehaven,MS,12488
"Barton, Gaylord and Kuhic",http://www.trompkunde.org/,12/4/1990,95212 Macejkovic Mount Apt. 750,Marlenaside,KY,8364
"Bergstrom, Gorczany and Schoen",http://www.bergnaum.com/,4/8/1984,52398 Celesta Shores,South Clydeton,KY,89154
Pagac Inc,http://www.dibbert.com/,4/17/1984,14647 Hirthe Rue Suite 394,Roobfort,AS,12213
Kassulke and Sons,http://www.cummingshansen.com/,7/13/2009,6584 Kim Pass,Port Dionnebury,NC,14766
Johns Inc,http://auer.com/,2/15/1997,99437 VonRueden Groves Apt. 751,Angelicburgh,TX,78596
Jones PLC,http://www.haag.biz/,3/11/1994,29763 Douglas Path Suite 663,Lake Misaelside,AK,714
"McDermott, Wilkinson and Mills",http://emmerich.com/,2/2/1980,8262 Roberts Roads,Kemmerland,AS,98474
Runolfsson-Doyle,http://turcotte.com/,11/18/1977,8048 Agness Ways,Icahaven,IL,54860
Ankunding-Simonis,http://www.lefflerosinski.biz/,12/16/1992,0938 Gislason Street,Pearleneburgh,WA,28316
Stiedemann-Davis,http://mitchell.com/,8/16/1983,3141 Chris Shoals,East Kiyastad,CO,18001
Kilback-Ritchie,http://www.littlegrimes.info/,5/5/1984,71195 Charly Neck,Germaineside,VI,16496
Jacobs-Schamberger,http://www.nitzsche.org/,8/15/1977,962 Ladarius Forest Apt. 880,North Harmshire,OH,63850
"Effertz, Marks and Rau",http://okeefeschmeler.com/,1/8/1983,00966 Nicholas Lake,New Zhaneburgh,RI,13450
"Reichel, Parisian and Schmitt",http://williamsonokon.com/,4/26/1995,87179 Semaj Trail,Lake Maxx,PR,67544
"Roberts, Aufderhar and Frami",http://oconner.biz/,11/21/1975,881 Jacobi Knoll Apt. 020,Ramseyburgh,NM,75094
Dickinson Ltd,http://raynor.com/,8/30/2007,07781 Doctor Spurs,Lake Nyasiamouth,NC,49166
Little-Reynolds,http://schoenwindler.info/,12/20/1989,539 Jessye Court Apt. 879,West Bernardobury,VA,969
Towne-Jewess,http://www.connelly.com/,2/2/1993,06402 Wirt Centers Suite 351,Louannside,MN,6213
"Mohr, Jacobson and Balistreri",http://olson.info/,6/17/1991,686 Gorczany Brook Apt. 289,West Ahhaven,CT,91398
Crooks-Yost,http://www.hoppe.com/,12/24/1989,6812 Chante Roads Apt. 741,Benjamanborough,KS,64711
Smitham LLC,http://dickinson.com/,3/31/1990,55617 Hideo Unions,South Issac,GA,77898
Labadie-Emmerich,http://jones.com/,10/5/1986,91754 Adams Stream,Lake Ivettebury,GU,33739
Fay-Ondricka,http://www.kuvaliscrooks.com/,2/17/1984,63964 Milburn Stream,Marciechester,MN,8499
"Hilpert, Rau and Carroll",http://crooks.com/,9/28/1990,17327 Jena Walks Apt. 981,West Ilma,NE,25125
"Erdman, McClure and Hand",http://www.schowalter.com/,12/15/1998,42939 Heath Knolls Suite 609,Kermitchester,DC,92733
Wolf-Lindgren,http://www.donnellyreichert.biz/,11/29/1980,020 Spurgeon Road,Lake Verne,MD,31792
"Gerlach, Brown and Simonis",http://www.dubuquehagenes.biz/,6/23/2009,60757 Smith Fields,West Almeda,FM,68253
Kohler-Kulas,http://leschjones.com/,7/8/2005,493 Laisha Pass,North Vashtiland,FL,95778
Corwin PLC,http://mcdermott.com/,10/25/2000,911 Oral Trafficway,South Bernicefort,SC,93811
Nolan Group,http://schneider.com/,9/4/1974,7965 Fisher Greens,South Ematon,ND,61732
Lindgren-Hegmann,http://zieme.net/,1/31/1998,08482 Hammes Forks,New Siobhanburgh,OK,98754
Shields-Emard,http://heller.net/,8/1/1998,1217 Goyette Mount,East Sheryll,NM,6656
Douglas-Simonis,http://www.rutherford.com/,2/1/2000,37626 Carter Well,Angelitaport,NJ,89277
Murazik-Kerluke,http://www.windler.com/,10/23/2008,31388 Swift Forges,Jerrimouth,PW,87076
Carroll-Lynch,http://www.jewess.com/,9/19/2003,5160 Hyatt Crest,North Aletahaven,MH,21554
"Sporer, Frami and Heathcote",http://www.gutmann.com/,10/7/2011,03391 Madelynn Shores Suite 250,East Teagan,WV,47565
Reichert-Kuvalis,http://www.ritchie.com/,9/6/1977,155 Micayla Tunnel,Bartonside,NV,97908
Feest-Lesch,http://www.gutkowski.info/,5/18/2004,25666 Mohr Points,Adamsfort,ID,70036
Larkin-Senger,http://ruecker.net/,4/13/2002,825 Dema Summit,Port Jacobside,WI,32650
Nienow and Sons,http://maggio.org/,1/24/2006,968 Parisian Mall Apt. 956,Port Martyport,RI,32310
"Adams, Tromp and Macejkovic",http://kossadams.info/,11/29/2013,4675 Howe Place Suite 572,Jakubowskihaven,MA,25531
Fritsch LLC,http://waelchi.biz/,2/22/1975,0333 Tyshawn Field Apt. 639,New Valentina,OK,29104
"Ebert, Spinka and Weber",http://www.keelingleuschke.org/,4/5/2012,6472 Rempel Divide Suite 114,North Mammie,CA,16374
Mraz-Hayes,http://gleason.com/,9/5/1985,7163 Fronnie Mews Suite 866,Reichertbury,IA,54958
"Gorczany, Balistreri and Dickinson",http://www.krajciknikolaus.com/,2/3/1979,40729 Mante Union,East Norah,ID,26511
Flatley LLC,http://lubowitz.net/,4/26/2009,828 Rozanne Parkways Apt. 438,Rosalindborough,CA,31256
"McClure, Jakubowski and Swift",http://hirthe.com/,6/14/1979,3307 Romaguera Lodge Suite 496,Raynorfort,MH,88318
"Willms, Wiza and Champlin",http://langworth.org/,2/7/1994,43058 Douglas Hollow Suite 021,Huelsview,NM,19340
"Stokes, Batz and Cassin",http://www.douglas.info/,5/22/1983,35960 Ruecker Station,Westonton,VA,67412
Terry-Hackett,http://bednarwalsh.com/,4/5/2010,21712 Leonora Shoals Apt. 170,Corryburgh,TN,54076
Greenfelder-Cremin,http://www.russel.com/,2/26/2003,865 Kovacek Passage,Adonisland,MD,32510
Jakubowski-Smitham,http://www.schaefer.com/,6/11/2015,371 Norval Roads Suite 310,Ciceroton,MD,49465
Flatley Inc,http://www.willmsfadel.org/,9/21/1973,87889 Cassin Shoal,Port Kodystad,MS,19179
"Mayer, Batz and Grant",http://www.crooks.com/,10/23/1996,6819 Mann Heights Suite 376,North Annice,ND,44414
"Bruen, Leannon and Mann",http://klockorunolfsdottir.info/,10/25/1970,421 Hahn Mews Suite 289,Stammbury,VI,75864
"Corkery, Beatty and White",http://www.wiza.com/,1/12/1970,3449 Gleason Grove Suite 090,Hermistonville,NC,40264
"Huels, Kertzmann and Beier",http://www.bernier.com/,4/22/2014,1005 McCullough Shoals Suite 843,South Mervynview,OR,65175
Walter Inc,http://www.metz.com/,6/5/2004,9637 Jared Brooks Apt. 219,Lake Kylantown,MA,96961
Mosciski Ltd,http://ricemorissette.net/,1/7/2002,214 Shields Junction,Wilkinsonbury,AL,38313
"Adams, Johnson and Reichel",http://rowewehner.com/,5/14/1994,370 Kerrie Street Apt. 509,Mertzburgh,ID,43812
"Parisian, Cassin and McGlynn",http://hills.com/,10/17/2004,25770 Ziemann Junctions,West Ryne,OK,71701
"Cartwright, Legros and O'Hara",http://rathcronin.com/,9/27/1982,72479 Madonna Dale Suite 407,North Cheyenne,NV,50457
Leuschke-Rowe,http://www.maggio.com/,3/30/2006,80271 Bashirian Parks,Giulianahaven,HI,18066
Kemmer PLC,http://bartell.com/,4/16/1996,889 Fahey Fields Apt. 618,Lake Kirstiemouth,IN,63110
Cole-Ratke,http://www.bednarschamberger.org/,10/3/2002,57053 Conn Mill,Ceylonville,IA,31862
"Morar, Morissette and Mayert",http://www.schumm.com/,4/25/2014,38409 Zboncak Island,New Val,WY,4968
Kessler LLC,http://cole.com/,4/23/2012,054 Alivia Village,North Georgeneport,MO,72043
Kling LLC,http://olson.com/,8/20/2011,48527 Felecia Viaduct,Larsonfort,VI,42945
Labadie LLC,http://gerhold.info/,9/16/1978,11696 Ritchie Stream,North Arlin,VA,95202
Maggio PLC,http://www.johnskeeling.net/,12/30/1978,58335 McDermott Station Apt. 888,Armstrongport,MH,38012
"Reinger, Schamberger and Fay",http://www.collins.com/,5/18/1993,3924 Sipes Manor,South Zander,GA,27304
"Collier, Douglas and Hudson",http://wolff.com/,10/20/1972,91865 Dixie Gateway Suite 746,Klockostad,AS,17094
Mitchell Group,http://hayes.com/,5/29/1995,80341 Jakubowski Mountains Apt. 983,East Arianna,MP,45212
Reynolds LLC,http://krajcik.org/,1/13/1976,3441 Raynor Key,Auershire,ND,45438
Kulas-Towne,http://www.hickle.info/,11/11/2014,96260 Alcide Harbor,Port Kelleyberg,AZ,89370
Jacobson-Grimes,http://koepp.com/,1/2/2012,48280 Morton Ports,Randiborough,MA,77509
"Hilll, Jerde and Paucek",http://www.feil.com/,11/2/2015,37544 Ward Lane,Predovicmouth,IN,45357
"McClure, Hickle and Zulauf",http://adams.com/,2/23/2000,9992 Luettgen Turnpike Suite 762,East Theodosia,RI,53004
"Effertz, Stamm and Wunsch",http://www.gaylordwiegand.net/,4/29/2008,5745 Macejkovic Shore Suite 793,Curtissstad,NH,93029
"Heathcote, Bahringer and Daugherty",http://www.kovacek.biz/,10/30/1980,0291 Kaiden Land,Latonyaport,VT,5215
"Wuckert, Waters and Stoltenberg",http://jewess.com/,1/11/1996,01686 Nader Stravenue Suite 333,Emardmouth,GA,64607
Hilll PLC,http://heidenreichlehner.com/,6/25/1982,27647 Senger Road Suite 469,Jillview,VT,92483
Runolfsson Ltd,http://okeefekub.info/,5/9/2004,79166 Kihn Common Apt. 466,West Micayla,NV,50019
Ziemann and Sons,http://bins.biz/,2/27/1977,27568 Willy Springs,Anthoneyburgh,RI,60313
"Rau, Kilback and Ward",http://www.rippinhirthe.biz/,9/20/2012,275 Koepp Crossing,Littleport,IN,91314
"Bode, Corkery and Koepp",http://www.stracke.biz/,3/30/2006,8634 Caron Tunnel,Townehaven,CT,69527
Roberts-King,http://www.howecole.biz/,5/24/1999,223 Olson Brook,Sipesshire,SD,23671
"Stamm, Hills and Shanahan",http://schmelermitchell.com/,12/5/2003,55443 Prohaska Villages Suite 650,Kovacekshire,AL,3053
"West, Kulas and Mayert",http://harber.com/,2/23/2000,932 Jacey Inlet,North Christena,GU,58784
Huel-Reynolds,http://langoshswift.com/,11/5/1977,46320 Stanford Rapids,Arronland,MD,39315
Homenick Ltd,http://www.doyle.net/,6/19/1980,27940 Twyla Oval,South Bulah,MI,99417
"Padberg, Bergnaum and Rodriguez",http://becker.org/,11/10/1981,65765 Shae Meadow Suite 161,Destineytown,IN,79100
"Lowe, Ondricka and Kunde",http://www.greenholt.com/,9/8/1980,27928 Stephany Avenue,East Kendra,KY,54317
"Kris, Schumm and Lueilwitz",http://bayer.com/,6/24/1980,0144 Shay Mountain,New Alenahaven,MH,77677
Kihn-Herman,http://littlebeahan.biz/,10/24/2008,793 Sarai Junction Apt. 352,Harberton,DE,45462
"Denesik, Schmitt and Denesik",http://fisher.org/,12/26/2009,00709 Luettgen Summit,Port Nikishire,NH,86759
Wisozk Group,http://www.kshlerinborer.com/,8/16/1984,677 Michaele Extensions,North Elsamouth,CO,85236
Hoppe Ltd,http://schaefer.info/,1/31/1998,0975 Almina Court Apt. 104,New Stan,KS,41476
"Kirlin, Ankunding and Cummings",http://www.kirlinwunsch.net/,7/23/1995,44773 Cathern Divide Apt. 019,Port Kinleyfurt,TX,50002
"Torphy, Kunde and Gleason",http://grant.com/,3/14/2002,2914 Leuschke Road Apt. 989,Walshton,MN,45746
"Boyle, Skiles and Marks",http://bogisich.com/,1/24/1982,52854 Kia Mews,Maggiohaven,TN,89261
Treutel and Sons,http://www.miller.com/,8/26/2006,0746 Will Streets,Rosalineberg,NY,47272
Pollich-Lynch,http://www.hackett.org/,1/8/1974,58167 Marquardt Walk,Olsonberg,MT,41786
"Hammes, Mohr and Treutel",http://shanahan.info/,7/31/1975,7043 Nader Loaf Suite 113,Davieside,MA,85324
Klein PLC,http://www.runolfssonemmerich.com/,11/21/1994,682 Jensen Ways Suite 142,Lake Alline,MD,23104
Hartmann Group,http://koch.com/,1/29/2002,0960 Stefani Land Suite 439,New Azaria,MS,50501
"Gislason, Gerlach and Zieme",http://rippin.com/,11/2/1974,06673 Kathey Expressway Suite 013,Port Verner,VT,12594
Turcotte-Pfannerstill,http://www.nader.com/,4/3/1982,7603 Jenkins Underpass Suite 804,Lake Hurbert,KS,6347
Windler and Sons,http://sipes.com/,2/18/1979,10785 Crona Knolls Apt. 600,Shanellburgh,ME,97416
Ondricka-Altenwerth,http://www.hermiston.com/,4/15/1991,6491 Davis Ferry Apt. 401,Aldenmouth,GU,48879
Keeling-Casper,http://kuphal.com/,11/11/2009,39263 Heathcote Glen,Port Latosha,MS,27555
"Smitham, Sanford and Schmeler",http://kunde.net/,7/15/1998,74765 Montrell Throughway Apt. 676,Peytonville,SD,98694
"Toy, Erdman and Bergnaum",http://ryanlegros.com/,1/19/1987,3497 Anderson Lake,Jaskolskiburgh,OK,41588
"Johnson, Von and Bednar",http://www.wiza.com/,10/17/1976,689 Homenick Light Apt. 738,Cordeliamouth,AR,15269
"Swift, Sanford and Dicki",http://www.price.com/,5/16/1971,39370 Kirstin Extensions,Exaburgh,MT,5417
Kuphal Ltd,http://nitzsche.info/,6/13/1976,0099 Meredith Land,Hamillberg,OK,50955
"Hessel, Hammes and VonRueden",http://cartwright.com/,9/6/1984,90277 Gregg Skyway,Lake Manning,WA,82944
"Donnelly, Wolff and McClure",http://www.crooks.net/,2/6/1997,1298 Stehr Throughway Suite 321,Osbornmouth,MD,80439
Bayer Inc,http://nader.com/,9/23/1974,286 Elige Ridges,East Doraview,WV,82090
Keebler-Kris,http://www.botsford.com/,3/14/2007,4634 Lissa Coves,Silvesterside,UT,30903
Parker-Olson,http://kutchbuckridge.com/,10/1/1979,534 Lisette Falls,East Theodis,AS,27236
Senger Inc,http://www.johns.com/,12/10/1985,8481 Dare Fork Suite 756,Port Aubrey,GA,41693
Waters Group,http://casperhintz.com/,4/30/1974,8744 Dabney Drive Apt. 008,Simonetown,IN,7155
Gibson-Tillman,http://www.bahringer.biz/,12/13/2000,03341 Terry Ports Suite 237,Sharynside,ME,85733
Wiza PLC,http://hilll.info/,11/23/1989,612 Schmidt Forks,South Chasmouth,MP,39921
Oberbrunner-Trantow,http://mcdermottrowe.com/,7/4/2005,209 Isham Streets,West Rocioburgh,ND,58440
Johnston-Bergstrom,http://heathcote.com/,7/15/1980,571 Beatty Port,North Virdiehaven,NM,91614
"Lindgren, Konopelski and Ondricka",http://www.rath.com/,1/31/2001,654 Pfeffer Junctions Suite 264,Lake Shakiraland,VA,54831
Harris-Lockman,http://joneszboncak.net/,7/14/1979,20611 Rogahn Manors Suite 336,Jeromeborough,OH,87613
"Kerluke, Jakubowski and Runte",http://kuhlman.com/,3/7/1983,28799 Bartell Lock,Rogahnville,WA,37118
"Monahan, Kerluke and Cartwright",http://stammbatz.info/,1/25/2000,0267 Garvin Lodge,North Cletusfurt,MD,726
Donnelly Group,http://www.daniel.info/,9/26/1998,72591 Mosciski Drive Suite 134,Leannonchester,GA,6977
Keeling-Bergnaum,http://www.koepp.org/,4/16/2011,0523 Harris Estates Apt. 828,South Ossie,MO,90484
Romaguera LLC,http://www.sanfordhartmann.biz/,11/17/1991,50220 Medhurst Spur Apt. 336,South Infant,AZ,33501
Davis-Wiegand,http://prosacco.com/,9/19/1971,9262 Marilynn Mountains,Lake Savanaport,ND,66090
DuBuque-Deckow,http://volkmanhermiston.com/,7/3/1978,258 Ernser Coves,Spinkaland,CO,95909
Sanford Ltd,http://www.baileymacejkovic.com/,4/14/1986,817 Anabelle Crossroad Apt. 731,North Leif,NY,96611
Haley-Murray,http://www.grady.com/,11/5/2011,1424 Walsh Shoals Suite 601,Goyetteshire,IL,26357
Borer and Sons,http://www.ernser.com/,8/12/2003,437 Chloe Camp Suite 553,Bodeville,MA,75621
Leuschke and Sons,http://www.gottlieb.info/,12/10/2000,35978 Wunsch Pines,Davisside,LA,96293
Hauck LLC,http://www.purdy.com/,3/13/1994,71201 Stark Valley Apt. 817,West Derlville,NC,69093
"Shields, Boyer and Tillman",http://www.manncarroll.org/,3/16/1971,343 Leonor Track Suite 357,East Quintonstad,PA,8611
Denesik PLC,http://damore.com/,9/25/1973,4148 Orrin Shore Suite 450,South Elyssashire,PR,40859
DuBuque Group,http://jerdecassin.com/,3/23/1982,63508 Krajcik Inlet Apt. 441,Reynoldstown,WA,1410
Satterfield LLC,http://yundt.com/,6/13/2007,1195 Jossie Fields,Halvorsonfort,AK,24592
Powlowski-Stiedemann,http://hirthe.net/,12/30/2006,3930 Makala Rest,New Kellan,WY,67915
Kemmer and Sons,http://www.grant.info/,4/14/2009,271 Fenton Harbors Apt. 752,Creminborough,AS,57136
Schaden-Moen,http://www.feeneyschroeder.com/,3/22/1994,50649 Schuppe Ville,South Manley,CA,24536
Wilkinson LLC,http://mosciski.com/,12/4/1985,3442 Kreiger Isle,Vernitaberg,MN,88906
"Grimes, Tromp and Schroeder",http://www.schneider.info/,8/3/2004,3279 Pacocha Shores Suite 721,South Noel,SC,54193
Bartell-Zieme,http://ziemannkling.com/,11/30/1981,90651 America Heights Apt. 941,Thaliabury,AR,77929
"Herzog, Abernathy and Mante",http://www.gradymarquardt.biz/,11/15/2004,175 Kenton Stream Apt. 504,West Tillieberg,MN,92345
Runte-Runte,http://beiervandervort.com/,4/6/1991,983 O'Connell Crest Suite 462,West Jovanni,OH,2305
"Murphy, Huel and Howe",http://blick.info/,6/5/2010,911 Volkman Shoals Apt. 418,North Tena,MA,4423
Becker Group,http://will.biz/,3/17/1972,99335 Porsche Hollow Apt. 526,West Sable,NY,97781
Zieme Group,http://www.grahamdaugherty.com/,4/20/2010,098 Ovid Mews,North Vidal,MS,54548
"Osinski, Tremblay and Batz",http://www.turner.info/,7/26/2011,3895 Emely Camp,Lake Noritaside,UT,10732
"Conroy, Breitenberg and Marvin",http://www.kuhnflatley.com/,6/6/1989,1762 Flatley Parkway,Jeannabury,FM,13271
"Balistreri, Morar and Klocko",http://www.waters.biz/,8/6/2012,00126 Acy Ridges Suite 122,North Glennburgh,DE,30913
Simonis-Oberbrunner,http://www.trantow.org/,1/30/1985,6951 Anahi Oval,South Vivienne,WY,37880
Anderson Group,http://www.ullrich.com/,6/18/1991,57310 Brakus Fork Suite 069,Port Verneshire,SD,97964
"Nader, Yundt and Towne",http://shanahan.com/,2/19/2014,6151 Rian Way Apt. 771,South Marchelloton,PA,45566
Lebsack and Sons,http://runolfssonbrown.com/,7/6/1982,61606 Baumbach Knoll,South Hampland,MO,23403
Luettgen-Parisian,http://keeblerleffler.com/,4/3/2008,184 Rianna Wall,Immanuelbury,VA,34577
Hills-Wolff,http://www.reynolds.com/,5/12/1991,49103 Zona Summit Apt. 438,Ericastad,SD,82224
O'Conner LLC,http://streich.biz/,2/21/1978,79134 O'Keefe Plain Suite 666,Medhursttown,HI,49509
Flatley-Kshlerin,http://gutkowskiterry.com/,12/14/2011,239 Hyatt Divide Suite 449,Port Hamptonmouth,IL,26978
"Dietrich, Dicki and Bergstrom",http://fisher.com/,2/5/1986,112 Eichmann Curve Apt. 191,Kayehaven,HI,54022
Weimann-Wiegand,http://dibbert.info/,10/26/2000,0026 Jenniffer Meadows,Erminabury,AK,41214
Turcotte-Gleason,http://www.gulgowskimraz.com/,4/9/1984,3125 Tawny Garden Apt. 306,Lake Nanettebury,KY,14667
Hills and Sons,http://www.pfannerstillwunsch.com/,1/18/1971,6491 Julie Keys Suite 372,West Janellshire,NY,39060
Barton-Rolfson,http://kohler.com/,5/12/2005,8563 Dora Points Apt. 329,Johnsonchester,NH,22033
"VonRueden, McCullough and Weber",http://www.ratke.com/,5/11/1991,4730 Kunze Roads,Torphaven,WI,61219
Abbott LLC,http://mccullough.biz/,2/23/1985,584 Victory Junctions,Port Brande,VI,56338
McKenzie-Hane,http://www.brekkekilback.com/,1/16/1974,72155 Barton Spur Suite 285,New Damion,KS,52435
Schneider-Kuhn,http://www.prosaccodooley.net/,3/17/1972,071 Audley Terrace,Anatolefort,NY,3736
"Langosh, Runte and Simonis",http://www.smithsteuber.com/,8/24/1971,5574 Wintheiser Passage Apt. 585,North Riverchester,AK,23311
"Becker, Schmidt and Rolfson",http://dach.com/,5/26/1978,93388 Shanelle Curve,Weimannmouth,WI,26168
O'Connell Ltd,http://www.klein.org/,2/6/1973,882 Greenfelder Place Apt. 561,Port Ozellberg,PR,97959
"Schulist, Cartwright and Kulas",http://jacobsonokuneva.com/,1/16/1996,921 Fisher Underpass,Port Ricky,NC,28630
Reilly LLC,http://www.olson.net/,9/29/1994,3024 Journey Gateway,Eichmannville,WI,85080
Green-Kuphal,http://dach.net/,8/24/2006,71793 Darl Summit,Berniermouth,LA,55449
Herman-O'Connell,http://wisozk.com/,10/6/1997,715 Von Pines Apt. 056,Hopefurt,OK,84590
"McLaughlin, Jewess and Cartwright",http://macejkovichowe.biz/,3/21/2002,7916 Teresa Mountains Apt. 462,New Gailview,MH,43847
Toy Group,http://tremblay.com/,8/3/1975,41620 Ledner Pike Apt. 144,Lake Londonbury,OH,61979
Emmerich-Harber,http://funk.com/,10/11/1980,989 Lorrayne Via Suite 857,New Theophile,AR,44740
Konopelski and Sons,http://www.tremblay.net/,3/25/1971,260 Ullrich Valleys,McClurehaven,ND,80831
Wehner Group,http://muller.com/,9/3/2009,7449 Anderson Divide Suite 678,North Kaiden,WA,62318
"Labadie, Schoen and Lind",http://cristemmerich.biz/,6/12/1992,675 Lebsack Meadow Suite 710,Sadyeborough,GA,90757
Schaefer-Considine,http://feil.com/,9/29/1979,543 Evan Wells Suite 226,Trudichester,ID,85866
Torphy and Sons,http://walker.com/,10/19/1971,693 Marjorie Road Suite 181,Hettyshire,OK,61788
Adams-Hane,http://reichel.com/,7/26/2007,86752 Botsford Mountain,South Senaside,WV,98401
"Kling, Davis and White",http://treutel.com/,8/25/1995,8495 Anibal Mission Apt. 628,Champlinstad,AR,59859
Corwin-Jewess,http://bradtke.com/,5/13/1993,405 Zigmund Forest,Homenickland,WI,16649
Bernier-Kilback,http://beahan.com/,7/15/1991,8473 Mallorie Cove,New Brandichester,KY,64983
"Sawayn, Stehr and Hand",http://www.douglas.com/,8/6/1984,68541 Letitia Ridge Suite 525,Port Joselyn,RI,17800
Hodkiewicz PLC,http://www.volkman.info/,6/25/2000,4778 Julisa Viaduct,McClureside,MH,92006
Murray Group,http://www.shanahan.biz/,7/20/2014,89883 Schmitt Turnpike Suite 473,Volkmanton,UT,85273
Beer-Swift,http://corwin.com/,11/1/1971,750 Hane Spur,Josiehaven,AZ,88000
Rogahn PLC,http://www.pollich.net/,10/13/1993,802 Camryn Green Suite 670,Jessikashire,MP,554
Borer Group,http://white.net/,2/22/2000,0578 Amber Shoal,New Brion,NC,17789
Casper-Flatley,http://www.johnston.net/,12/29/2010,10490 Padberg Pass,North Marvelborough,VI,82280
Sanford Group,http://blick.com/,3/26/2004,22486 Rich Greens,South Glynnfort,RI,36354
Gutmann-Walter,http://hane.com/,11/5/1998,108 Ernser Corner Apt. 857,Uptonshire,ID,2076
Cruickshank Inc,http://www.daniel.net/,12/13/1984,729 Turcotte Villages,Capricemouth,NE,89931
"Schuster, Bogisich and O'Conner",http://www.dach.com/,3/1/1987,308 Armani Neck Suite 687,South Olar,ID,59685
DuBuque and Sons,http://www.moen.net/,4/2/1986,6939 Bins Springs Suite 161,Evettechester,FL,20513
"Gutmann, Gottlieb and Turner",http://lynchlubowitz.com/,12/29/1996,74837 Jacobson Rue Suite 785,South Donat,MD,21233
Kreiger-McGlynn,http://www.boehmmaggio.info/,5/26/2008,72978 Hudson Village,New Sonya,LA,53742
Thiel and Sons,http://www.christiansen.com/,3/17/1982,705 Jast Squares Suite 805,South Torrance,DC,61150
"Parker, Huel and Farrell",http://www.koss.com/,9/8/1977,4632 Harrison Dam Apt. 648,Kazuomouth,CO,14395
Brakus-Pacocha,http://www.auer.biz/,8/1/2014,129 Lum Corner Suite 642,North Makhibury,IN,27254
Stehr-Haley,http://www.schmittkerluke.org/,10/5/2008,81676 Hyatt Common Suite 705,Robtville,PR,77268
"Runolfsdottir, Rosenbaum and Dicki",http://www.west.org/,10/3/1972,390 Zenas Row Suite 667,Port Derlfurt,LA,47178
"Nikolaus, Christiansen and Rice",http://little.com/,8/20/1994,4232 Yundt Course,South Lugenia,GA,97923
"Oberbrunner, Cremin and Bartoletti",http://goldner.biz/,12/5/2006,90921 Langosh Via Suite 436,South Dane,IN,76825
"Wehner, Morar and Eichmann",http://www.shields.com/,6/9/2012,76767 Douglas Shores Suite 433,Shellyland,KY,38867
"Sauer, Bergstrom and Hilll",http://www.bergnaumkoss.com/,9/8/2009,3961 Bashirian Forks,Bednarland,MS,56287
Fisher-Zieme,http://hessel.net/,4/19/1985,74574 Padberg Turnpike Suite 037,Lake Irvine,DE,85159
"Reynolds, Shanahan and Kling",http://www.oconner.com/,12/3/1996,90713 Kemmer Plaza Suite 857,Graydonhaven,GA,34177
Funk-Corwin,http://brekke.com/,5/2/2006,9784 Bama Turnpike Apt. 242,Weissnatland,MD,7617
Howe-Monahan,http://heaney.com/,5/1/2002,2762 Braulio Fort Suite 347,South Debbieburgh,GA,74262
Stracke PLC,http://www.gutkowskimann.com/,5/8/1993,7590 Add Fields,East Beaufort,NC,56065
McLaughlin-Buckridge,http://price.com/,2/19/1990,86392 Emeline Center,Orvintown,OR,32226
Larson Inc,http://luettgen.com/,8/14/1993,447 Lubowitz Alley Suite 901,Hettingerborough,UT,33114
Ortiz Group,http://schultz.biz/,2/20/2004,67737 Pagac Square,Charlsieberg,PR,11089
Morar-Wolff,http://wintheiser.com/,3/3/2002,929 Nitzsche Brook Suite 637,Jovannyshire,NM,52391
"Cronin, Boehm and Towne",http://www.nienow.net/,1/12/2004,438 Derl Stream Suite 480,South Jamilahaven,OK,13525
Kemmer LLC,http://cristwindler.com/,5/24/2002,220 Myer Brook,Babyboyfort,MP,2144
"Casper, Metz and Bauch",http://murazik.com/,11/3/1996,95362 Mammie Islands Suite 981,Zboncakbury,VI,51489
"Robel, Halvorson and Lehner",http://bartellkoepp.com/,5/8/2007,1368 Mills Avenue,Anissamouth,MA,52826
Lockman LLC,http://www.upton.org/,8/5/1970,788 Bernhard Inlet,Lutherburgh,MT,72308
Shanahan-Hahn,http://kris.com/,1/22/2012,18431 Schmitt Burgs Suite 595,East Randallfurt,WV,91504
"Renner, Wuckert and Considine",http://www.langosh.info/,10/26/1987,740 Kovacek Creek Apt. 000,Luannfort,PA,13129
Brekke Ltd,http://www.leuschke.com/,10/4/1999,425 Erykah Lights,Port Obiebury,MD,61932
Durgan-Lind,http://www.hamill.com/,12/1/2002,972 Wilderman Prairie Suite 988,Naderhaven,WY,50293
Ritchie-Trantow,http://www.miller.info/,10/8/1992,1709 Edmonia Cove Suite 334,Lubowitzland,NH,7042
Schneider PLC,http://www.mayer.com/,6/4/1970,80073 Brock Hollow,East Kamila,MO,25653
"Champlin, Gleason and Johns",http://www.raynor.biz/,11/10/2008,2736 Macejkovic Valleys Apt. 804,Lake Salomontown,KS,11430
"Hilll, Schamberger and Harber",http://www.rutherfordtremblay.biz/,12/10/1999,006 Abdiel Ridges,Walkerville,PA,21148
Parker-Goyette,http://www.lehnerbeatty.org/,2/18/1993,635 Hilpert Creek Suite 367,South Larkin,WY,85272
"Witting, Koch and Jacobs",http://johnston.com/,12/4/1993,99330 Becker Place Suite 645,Wunschport,DE,22975
Dickens and Sons,http://www.block.com/,4/20/1999,84714 Isaac Camp Apt. 029,Whiteburgh,NV,7205
Lehner-Schmitt,http://koss.com/,6/2/2014,3649 Moore Pines,Lowetown,OH,48089
"Powlowski, Schiller and Thompson",http://www.christiansen.com/,6/30/2005,20401 Raynor Route,North Paxton,MA,97459
Kris and Sons,http://schillersanford.org/,2/15/2005,0207 Dooley Burgs,Hahnland,SD,21667
Baumbach-Schuster,http://heller.info/,2/16/2009,657 Carter Hill Suite 819,Daughertyland,CO,84738
Wehner Inc,http://lakin.com/,4/2/1976,578 Carroll Avenue,Wisozkhaven,AS,73831
"Stroman, Koepp and Crooks",http://www.hintzbradtke.com/,12/18/1987,60164 Gulgowski Shoal Suite 087,Marquitaland,MT,87952
Wolf-Yundt,http://fisher.com/,11/3/1970,52240 West Way Suite 511,North Milo,AS,28732
Auer-Orn,http://www.bauch.org/,8/25/2011,511 Tilda Rapid,Lake Chanel,PA,66323
"Will, Altenwerth and Zulauf",http://herzog.com/,9/8/1988,44005 Grimes Mountains Suite 222,Greenville,ID,4965
"Bosco, Roob and Lubowitz",http://www.ratkenikolaus.com/,5/30/1994,40629 Pepper Garden,Emmetmouth,LA,8149
Reynolds and Sons,http://www.nicolas.net/,4/30/2007,073 Alonzo River Apt. 108,Capitolatown,CA,96199
Schinner-Kiehn,http://hudson.com/,9/14/2008,2836 Belinda Drives,Smithamberg,MN,75379
Keebler-Homenick,http://mclaughlin.org/,3/20/2002,282 Herman Loaf Apt. 305,North Dianemouth,WI,18124
Ledner-Kilback,http://www.schulist.com/,3/28/1995,34404 Rowe Walk Apt. 450,Lake Lindy,FM,73051
Bauch-Rodriguez,http://keebler.info/,7/8/1973,48068 Lindsay Circles Suite 154,Mervynmouth,VI,98836
Hand Inc,http://www.boyle.com/,11/6/1990,180 Mckayla Lodge Suite 219,Alexanderborough,MN,52439
"Homenick, Ullrich and Ritchie",http://nienowheaney.com/,10/25/1980,137 Nya Ridge,Langworthberg,MO,25735
"Simonis, Considine and Metz",http://west.info/,8/16/2002,9596 Brandan Cape,Lednermouth,MS,52193
Hagenes Inc,http://www.ondricka.com/,4/13/2005,389 Montel Islands,Windlerhaven,UT,96340
"Konopelski, Bailey and Waelchi",http://www.hahn.biz/,6/12/2014,0548 Demetri Points Suite 717,Schaeferhaven,VT,83173
"Larson, Balistreri and Labadie",http://www.howehackett.biz/,3/22/1988,52963 Edla Garden,South Cooper,VT,10338
Schultz-Tillman,http://www.gulgowski.com/,6/30/1992,164 Gleichner Vista,Marcellton,CA,42526
Schoen LLC,http://www.littel.info/,10/17/1990,59509 Strosin Station,New Brennan,MO,94663
"Funk, Corwin and Dickens",http://www.smithboehm.biz/,7/29/2012,50755 Balistreri Union,South Caiden,CT,86676
Torp and Sons,http://danielgislason.com/,12/4/1997,977 Herman Terrace,O'Connellchester,MH,97217
Yost Group,http://hansen.com/,8/9/2015,85117 Kameron Trail Apt. 121,West Izorafort,TX,91169
"Volkman, Blanda and Kling",http://raynor.com/,10/29/2011,7932 Hammes Groves,Port Delmar,TN,16265
Bins-Grimes,http://brakus.com/,9/3/2006,887 Johnston Estate Suite 971,Ellwoodstad,VI,87713
Cummings Group,http://www.kub.org/,5/20/1983,30443 Rohan Loaf Suite 299,New Palmer,PA,79724
"Marquardt, Oberbrunner and Stokes",http://weimannswaniawski.biz/,3/13/2011,83136 Kale Crossing Apt. 095,New Kylieton,ND,32713
Stark-Pacocha,http://hesselthompson.net/,10/27/1981,17987 Wilburn Streets,Ritchietown,ME,79536
Barrows-Bahringer,http://heidenreich.com/,6/14/1997,491 Considine Centers,West Stanislaustown,PR,64750
Cormier-Christiansen,http://larsonterry.com/,9/16/2001,4532 Javier Crossroad,East Alexandershire,DE,49906
Zboncak and Sons,http://www.franecki.com/,10/3/2011,33046 Auer Point,New Alfonsebury,GA,33731
"Pfannerstill, Daniel and Mante",http://faheykulas.org/,3/10/1997,5024 Stanton Bypass,Isabellaberg,SD,73824
Rutherford-Larson,http://www.king.com/,11/16/2000,13704 Dewitt Motorway,Monicabury,OH,84281
"Hammes, Bergnaum and Walter",http://www.rau.info/,7/25/1980,20767 Pluma Stream,Sonnyberg,TX,49802
Schaefer PLC,http://www.oconner.com/,5/19/1977,678 Tremblay Loop Suite 911,West Robbin,IN,32055
Hane Ltd,http://grantwalsh.net/,10/13/2003,5104 Leala Orchard,New Veta,MH,55733
Watsica Inc,http://www.olsoncremin.com/,11/11/2002,564 Taylor Common Apt. 973,Eberttown,CA,86789
"Jewess, Schmeler and Kris",http://abernathygreen.com/,6/3/1993,71936 Stanton Drive Suite 144,Port Webbfort,RI,68743
Skiles PLC,http://runolfsdottirhayes.biz/,3/11/1988,84467 Kertzmann Streets Suite 222,Ezellstad,IN,83547
Rodriguez and Sons,http://www.beahanhammes.info/,2/2/2010,6847 Kristy Branch Apt. 025,West Dallinfurt,FL,59896
Green Inc,http://cole.com/,9/10/1977,91470 Aisha Mews Suite 401,New Governorberg,CA,34668
Sipes Inc,http://brownanderson.biz/,8/20/1985,1107 Lavonne Turnpike Apt. 435,East Ozelltown,FL,15897
Reichel-Hessel,http://www.hills.org/,12/28/2014,215 Aiyanna Bridge,Wuckertside,PW,17706
Cormier-Dickinson,http://ferrymetz.net/,1/5/2006,195 Bridger Wall,Lake Ridgeview,IA,56506
Luettgen and Sons,http://www.prohaska.com/,7/6/1971,025 Hedwig Island Apt. 336,Harveyshire,NC,33029
O'Kon-Boyer,http://www.schaefer.biz/,11/1/1976,52711 Brekke Loop Suite 902,Port Hughesfurt,ID,61239
Towne PLC,http://www.thompson.info/,2/4/1971,39089 Garrick Flats,Kshlerinton,CT,55422
Jakubowski-Okuneva,http://www.pouroskuphal.com/,5/4/2013,2986 Robert Bypass Apt. 919,Sydneebury,NE,16576
Bartell-Runolfsson,http://www.powlowski.biz/,8/8/2003,101 Moore Road Apt. 323,Shayleeport,DE,71742
McGlynn-Klocko,http://sauerreynolds.info/,12/15/1972,93143 Purdy Tunnel Suite 989,Lake Loraynechester,KS,19752
Yost-Cole,http://www.stamm.info/,10/31/1981,27926 Brianna Mount,Tishastad,DE,38967
"O'Keefe, Lubowitz and Blick",http://www.bode.info/,8/2/2008,33316 Kling Street Apt. 198,Canyonton,WA,21867
"D'Amore, Bartell and Kulas",http://metzmoore.info/,5/11/1981,398 Ciara Plaza,Johnstonberg,MS,8601
"Sauer, Boehm and McKenzie",http://www.cruickshankosinski.com/,9/18/1998,964 Larkin Islands,Lake Kyrie,GA,42697
Hoeger PLC,http://daniel.com/,2/21/1971,880 Carlisle Highway,East Tristen,MT,84714
Christiansen-Bednar,http://www.halvorson.com/,1/29/1988,838 Margaret Inlet Suite 955,South Jan,VA,20738
Schinner and Sons,http://harvey.com/,3/22/1971,543 Ason Motorway Apt. 808,West Stoneychester,GU,9308
Halvorson-Gorczany,http://www.ullrich.com/,11/25/1971,17797 Spinka Shores,Gaylordbury,TX,38267
Hamill-Grant,http://ullrichlebsack.com/,11/13/1975,048 Gennie Plains,East Kaydenceberg,CA,32163
Gutmann-Bode,http://konopelski.com/,5/14/2001,096 Skiles Extensions Suite 303,New Grayce,MN,38182
Strosin LLC,http://wardpfannerstill.com/,3/23/1996,8974 Gibson Park,Lake Theodis,GA,66649
Collins and Sons,http://www.farrell.info/,11/1/1976,1288 Audy Throughway,Hansenmouth,WI,50986
Beer-Labadie,http://sipespfannerstill.com/,2/19/2015,4726 Oberbrunner Island Apt. 851,Schummton,RI,98227
Morar-Larkin,http://www.rogahn.net/,11/16/2006,8687 Sabina Walks Suite 288,Lake Karissachester,ID,60958
Dickens and Sons,http://www.cummingsrodriguez.com/,9/30/2009,5255 Doreen Glens,South Tommy,FM,89137
"O'Kon, Feest and Christiansen",http://www.ratke.com/,3/24/1993,255 Reba Forge Suite 066,Wittingbury,NV,54879
Morar PLC,http://www.cruickshanklehner.com/,6/1/1975,431 Meredith Village Suite 707,Stehrside,WV,63678
Bogisich-Hammes,http://emard.com/,11/2/1992,275 Windler Fields,Jonfort,FL,92768
Hauck Ltd,http://www.corkerymacejkovic.com/,2/8/1993,656 Abner Glen,Kamrenburgh,OR,37991
Stokes Ltd,http://eichmann.org/,5/5/1971,08338 Fleta Dale,Lake Mammiestad,DC,56557
"Abshire, Graham and Metz",http://www.vonrueden.biz/,6/2/2010,694 Ah Ferry Apt. 646,Antoinettefort,MD,98563
Watsica Group,http://www.heaneyrowe.com/,8/21/1972,81655 Xiomara Prairie Suite 362,Port Joselynshire,FM,54287
"Kshlerin, Fay and Farrell",http://nicolasboyle.com/,2/16/1985,1060 Ivonne Mountain,Kahlilfurt,NY,35550
Abernathy PLC,http://turcotterowe.info/,7/15/1972,26286 Hayden Expressway,West Tommie,MP,61015
Ziemann-Schoen,http://www.christiansen.com/,9/14/2011,809 Jillian Village Apt. 789,South Fabiola,HI,9928
Hamill Group,http://lehnerbeahan.com/,12/19/1999,462 Pate Loop Apt. 653,Ethaside,ME,25324
Nikolaus PLC,http://torp.org/,10/12/2002,2906 Swift Fall Suite 499,Lake Ephriamstad,RI,64309
Koch-Baumbach,http://beahan.com/,9/10/1982,53348 Vito Terrace,Taliyahshire,ME,70614
Legros-Blick,http://www.collins.info/,4/20/1970,4692 Yost Dale,New Dominique,HI,58093
McGlynn-Jacobs,http://www.bradtkewiegand.biz/,5/8/1994,234 Shirleyann Stream,Lake Reginaland,AR,42891
Murphy-Gaylord,http://www.mohrsteuber.com/,3/24/1994,1431 Henderson Fort Apt. 261,Hickletown,IL,50222
Legros Inc,http://www.marvin.com/,5/24/2010,7450 Botsford Street,Laniestad,AK,34627
"Hauck, Kunde and Waelchi",http://www.greenfelder.com/,8/19/1997,716 Roxane Club Suite 033,West Ocie,AR,2157
Kemmer PLC,http://walkervon.net/,9/29/1982,93674 Eugene Isle Suite 276,West Denzel,MI,42349
Ebert and Sons,http://hellermills.net/,3/18/2001,19304 Melodee Flats,West Willow,FL,71447
"Thompson, Dickens and Fritsch",http://shields.com/,1/31/2009,1281 Kazuko Square Apt. 086,Galenport,VT,94872
"Berge, Schoen and Ryan",http://www.breitenbergbosco.com/,7/16/2004,1095 Bobbie Way Suite 866,Rodericfort,PA,29038
Gusikowski-Dickens,http://smithhowe.com/,9/30/1979,525 Nikolaus Centers Apt. 001,Dellmouth,NE,2432
Ritchie and Sons,http://www.mante.com/,2/16/1990,6037 Wisoky Coves,West Ryannbury,CO,4393
Schaefer LLC,http://balistreri.org/,5/20/2009,5031 Pouros Vista,Lynchville,IL,87139
Crona PLC,http://www.ledner.com/,2/28/1990,70068 Ritchie Shoals Apt. 912,Darvinmouth,FM,82319
Olson Group,http://metz.com/,11/5/1983,590 Grady Way,North Laurance,AL,71569
Schiller-Wiegand,http://stanton.com/,1/17/1991,236 Lang Run,East Arther,AR,19957
Waelchi-Buckridge,http://cronin.net/,1/4/1991,1883 Goldner Key Suite 626,Lake Louvenia,TN,15816
Jacobi Group,http://ebertcasper.com/,3/21/2013,2244 Carroll Fords Apt. 652,Olsonmouth,KY,22909
"McGlynn, Stanton and Wuckert",http://treutelhodkiewicz.com/,1/24/1994,40209 Homenick Tunnel Suite 458,Primusborough,MO,42350
"Watsica, Bernier and Gottlieb",http://abernathy.info/,10/6/1986,66135 Deforest Trail Apt. 046,New Antonia,MI,16800
Schmitt Group,http://www.wolf.biz/,8/5/1976,235 Mitchell Stream,South Afton,UT,32135
Treutel Inc,http://schaden.com/,10/7/2012,48240 Muller Estates Suite 992,Dalvinstad,IA,70120
Renner-Murazik,http://www.bayercummings.com/,5/8/1994,326 Wunsch Islands,East Robbin,IL,99705
Haley-Rosenbaum,http://halvorson.org/,4/29/1983,7064 Marisela Haven,Gutkowskiberg,VT,56703
"Steuber, Herzog and Grant",http://www.hillsvon.com/,5/7/1994,564 Brain Stream Suite 592,Pierremouth,DE,65884
Schuster LLC,http://www.mcdermottgulgowski.com/,5/22/2014,9954 Wehner Flat,North Joel,DE,67741
Schmitt Ltd,http://wisozk.com/,7/23/1972,80944 Grady Center,East Dixonburgh,HI,52022
Parker-Cruickshank,http://pacochakohler.net/,3/25/2003,5761 Rebekah Loop Suite 316,Port Mitch,PW,50163
"Jerde, Roob and Purdy",http://pollich.com/,8/2/1990,47624 Sybil Canyon Apt. 148,West Robbie,MO,34337
Gorczany-Johns,http://www.erdman.com/,11/13/2011,3285 Gleichner Mountain Apt. 150,West Gainesborough,KS,40364
Parker-Ankunding,http://predovic.org/,11/29/1979,243 Torphy Gardens,West Asastad,VA,67510
Terry-Cruickshank,http://www.farrell.com/,1/4/1982,852 Dewitt Falls,Ashlynnborough,CO,64400
Ebert LLC,http://rippin.com/,2/27/1993,9783 Macejkovic Mountains Apt. 521,Icahaven,OK,26111
Feeney-Leannon,http://reichert.com/,12/5/1985,424 Florian Stream Suite 217,West Edith,AL,8240
Monahan-Ortiz,http://www.murphy.com/,4/23/1997,179 Paisley Wells Suite 278,McLaughlinfort,IL,12321
Towne LLC,http://thompson.com/,8/27/1976,48410 O'Hara Oval Suite 774,West Damianland,FL,56205
Graham LLC,http://grimes.com/,2/1/1987,35269 Elouise Coves Suite 080,Turnermouth,NM,20532
Hoeger-Kuhic,http://www.jast.biz/,7/28/2001,39850 Champlin Crest Apt. 965,New Holmesview,DC,10609
"Schultz, Kertzmann and Crist",http://mcdermottraynor.com/,11/14/1979,06679 Cummerata Fork Suite 828,South Eskerview,FM,21530
Langosh-Ondricka,http://ruecker.com/,4/17/1975,3979 Quigley Corner Apt. 174,South Ricardo,CT,96401
Mante-Marks,http://labadiegottlieb.com/,8/23/2002,721 Henery Shoals Suite 167,Lake Jarrett,FM,32752
Hills-Raynor,http://www.runolfsdottir.biz/,9/23/1973,554 Brekke Common Apt. 865,New Robynside,DC,67207
Nader-Cremin,http://www.kihn.com/,3/4/1976,0306 Inger Green,Lake Esperanza,PW,77696
"Skiles, Grady and Barton",http://hansen.com/,3/31/1976,0475 Burrell Burg Apt. 197,Lempiberg,IN,98369
"Sanford, Berge and Bosco",http://www.fisherstokes.com/,3/7/1980,13852 Leannon Villages,East Tanja,GA,82606
"Bauch, Greenfelder and Frami",http://parisian.com/,11/11/1989,57049 Willis Road Suite 746,Faithshire,GU,25246
Robel-Dietrich,http://haley.biz/,5/26/1971,75986 Pleas Stream,Dirkville,NE,6081
Heathcote-Simonis,http://www.schuppe.biz/,5/15/1978,67160 Halvorson Mountain,Lake Williamsmouth,OH,5720
Maggio and Sons,http://pacocha.com/,12/26/1987,158 Rodriguez Crossing Suite 473,South Chaseberg,WA,86295
Hamill-Fay,http://dicki.com/,11/9/1981,4814 Burke Cape Suite 213,Aufderharberg,RI,60079
Daniel Ltd,http://www.bechtelar.com/,2/14/1987,4315 Ethyle Extension Apt. 726,New Jamarcus,AK,54076
"Connelly, Beahan and Bartell",http://wildermanbernhard.net/,1/19/2004,1648 Issac Avenue,New Loraineshire,ND,12498
Glover-Beer,http://kunde.com/,9/2/1985,682 Goodwin Circle Suite 776,West Marjorieport,VA,81318
Kulas-Strosin,http://parker.com/,6/13/1979,0626 Feeney Glens Apt. 524,South Jairo,RI,51512
Schiller LLC,http://www.connellykoch.info/,3/24/2010,78259 Bogan Court,Port Stephanieland,MT,18815
"Stamm, Glover and Bernier",http://www.metzmonahan.com/,6/23/1995,78478 Armani Mills,Lake Hoyt,WI,63830
Denesik Group,http://pfeffer.biz/,5/13/1978,49173 Nancie Union Apt. 444,Fannyestad,AK,88871
Herman and Sons,http://wymancollins.net/,1/19/1974,194 Florentino Land,New Chandlertown,SD,27603
"Jacobs, Blanda and Gutkowski",http://rath.com/,8/15/1980,942 Edrie Roads Suite 653,Mrazmouth,PR,56989
Jacobi-Yundt,http://www.lueilwitz.com/,5/12/1982,884 Burr Mount,Lake Lennaton,AZ,78845
O'Hara Ltd,http://www.osinskicassin.com/,10/17/1973,126 Kertzmann Flat,East Riya,LA,89876
Wintheiser PLC,http://hammes.com/,2/6/1995,62626 Messiah Greens Apt. 214,Lindstad,HI,18313
Strosin Inc,http://www.kuphal.com/,3/29/1983,78722 Cris Key,Konopelskishire,MP,30638
Murazik and Sons,http://rauwuckert.com/,1/2/2015,5259 Crooks Court Suite 049,East Donavonside,AK,82460
"Metz, Jaskolski and Aufderhar",http://www.hettinger.com/,10/28/1976,724 Hessel Village,West Marcimouth,MS,67327
Lakin-Mayer,http://paucek.org/,1/29/1993,66857 Robel Branch Apt. 070,North Cathrynside,CT,27339
Koelpin-Walsh,http://www.schummwatsica.org/,11/4/1992,88955 Streich Viaduct,West Haileemouth,IL,16288
Nicolas Group,http://bauch.com/,7/17/2004,082 Goldner Mountain Apt. 632,Port Avonburgh,RI,553
"Kessler, Harris and Kuhn",http://jonesluettgen.com/,3/1/1985,7353 Sydni Glen,West Cedrickville,MN,63709
Bartell Ltd,http://pfannerstill.com/,2/22/2011,096 Tyrek Orchard Apt. 191,New Lolitamouth,HI,8878
Roob-Bauch,http://www.ferrytoy.biz/,5/7/1987,17019 Harriette Landing Suite 862,Lueilwitzstad,LA,92853
Moore-Windler,http://www.huels.com/,9/3/2010,67772 Hadley Land,Lake Giovanniville,FL,82881
McCullough-Kerluke,http://heller.com/,7/10/1993,681 Georgine Turnpike,Corwinburgh,CT,58861
Schumm Inc,http://www.hintzlarson.com/,10/26/2011,1737 Kris Stravenue,Heaneymouth,TN,45788
"Aufderhar, Larkin and Muller",http://www.littelroberts.org/,6/14/2013,40242 Tromp Pine,Arnavmouth,SC,69536
O'Hara-McCullough,http://www.kutchspencer.com/,5/5/1976,1244 Pricilla Passage Suite 307,South Jaclynport,UT,10919
Howe-Legros,http://www.marvin.com/,10/7/2008,02849 Emit Inlet,South Betsy,FM,32195
"Lueilwitz, Ankunding and Herzog",http://www.rippinwilkinson.com/,12/6/1980,81592 Gorge Knolls Apt. 306,East Rowlandborough,MT,80782
"Witting, Carter and Rowe",http://thompson.com/,5/17/1977,017 Gerlach Fork,Waymanburgh,NY,9620
"Carter, Thompson and Conroy",http://blick.com/,6/13/1971,7471 Armstrong Mill Apt. 788,West Alfordstad,VT,37929
"Adams, Swaniawski and Wiza",http://mayert.biz/,3/13/1977,421 Hahn Island,Mettiehaven,AR,3163
"Rohan, Bernhard and Wilderman",http://hicklemcglynn.info/,7/22/1993,8754 Devon Locks Apt. 340,Carlenefurt,ID,55479
Considine Inc,http://christiansenschoen.com/,5/9/1997,344 Vander Parkways Suite 948,Hahnview,PR,68247
Windler and Sons,http://cormier.info/,4/11/1990,601 Sharron Vista,Hackettport,WA,69487
Orn Ltd,http://blanda.com/,8/24/1996,815 Corkery Rest Suite 783,Schmelerberg,GA,13741
"Gaylord, Howell and Schowalter",http://www.crona.biz/,3/2/2012,80513 Legros Circles,Zilpahborough,NH,31075
"Brown, Nitzsche and Kshlerin",http://borercarter.info/,4/18/2013,31761 Dequan Course,Shelialand,PR,22136
Kunde-Auer,http://koch.org/,8/21/1983,14064 Newman Island,North Moshestad,AR,92730
Sauer-Labadie,http://stamm.com/,3/4/2013,76912 Connelly Ramp Apt. 366,New Omie,NM,26698
Mante-Aufderhar,http://macejkovic.net/,2/25/2014,546 Jonnie Street Suite 317,Lesport,FM,59156
"Jast, Bernhard and Volkman",http://mitchell.net/,1/20/1971,059 Lemke Bypass,O'Keefeborough,SC,80659
"Bergstrom, Hilpert and Jacobi",http://johnsonhirthe.com/,12/31/2009,0527 Bashirian Squares Apt. 119,Lake Christinborough,FL,25278
"Hudson, Rau and Ullrich",http://www.hansen.com/,8/5/1977,884 Ernser Flats,Port Risahaven,NJ,44018
Reinger Inc,http://www.howell.com/,2/16/1982,436 Toccara Oval,Port Tera,LA,10397
Batz-Sipes,http://sauernader.com/,2/19/2010,3143 Ewald Highway,Lemkehaven,MH,86652
"Kozey, Farrell and Brakus",http://mante.com/,2/7/1976,46726 Araminta Pines,Port Clemonborough,TN,28608
"Dooley, Hintz and Cole",http://nikolaus.org/,5/8/2008,4847 Trevion Mall Suite 556,Lake Aidaborough,WI,73635
"Parisian, Emmerich and Upton",http://www.okuneva.com/,12/1/1983,46407 Kadence Crossroad,Beverleychester,VA,62176
Stokes Ltd,http://www.jewess.com/,12/22/1984,343 Kay Spurs,Rileyport,WA,87294
"Stracke, Dare and Morissette",http://www.huelsquitzon.biz/,6/13/1988,52564 Carlee Views Apt. 880,Loreemouth,LA,80203
"Stoltenberg, Langworth and Yost",http://www.bauch.biz/,6/10/2014,296 Anderson Expressway Apt. 822,Tiannaport,OH,42648
Bauch LLC,http://www.bruen.net/,7/1/1971,9472 Suzann Dale Apt. 192,Irisbury,NJ,34454
Zieme-Wyman,http://www.gislason.com/,7/14/1998,59315 Paola Fall,Beerside,PW,47135
Hansen-Bruen,http://webernitzsche.info/,8/11/2000,35518 Jair Dale,Lake Donny,FM,32405
"Mann, Koepp and Runolfsdottir",http://braunherzog.com/,1/22/1980,224 VonRueden Stravenue Suite 546,Alinehaven,VA,79141
"Kemmer, Boyle and Harris",http://www.reillyschaden.com/,2/17/1975,39229 Moriah Park,Timmyberg,GA,11344
"Brown, Bradtke and Monahan",http://www.huels.com/,11/12/1997,498 Corliss Shores Apt. 120,Runolfsdottirshire,FL,79714
Mitchell PLC,http://kublegros.com/,2/21/1995,79843 Wyman Station Apt. 584,Lake Ayaan,IN,29304
Feest-Ondricka,http://www.kshlerin.com/,12/21/2005,84150 Javon Locks Suite 126,North Mia,PA,30656
"Kunze, Crona and Harris",http://www.torphyhammes.info/,9/19/1990,919 Amarion Cliffs Apt. 236,Myrtaton,AL,65812
Kihn Ltd,http://www.schusterroob.com/,3/11/1996,7175 Schroeder Glen,Hyattfort,NJ,71124
Lueilwitz-Cruickshank,http://ryanyost.com/,11/12/1998,0015 McClure Way,Alyseberg,AZ,34226
Shanahan Inc,http://www.wiegand.com/,3/9/1972,053 Crona Glen Apt. 604,Angelestown,AS,8406
"Kunde, Bosco and Rath",http://waters.com/,5/12/1976,642 Eliga Wall Apt. 630,Azariahberg,CA,84698
Prosacco Inc,http://www.gislason.com/,4/5/2010,5277 Rosalia River,Abbottshire,MP,45020
Ferry-Reilly,http://danielohara.info/,2/7/2009,360 Grant Throughway,New Selina,OH,58140
"Hudson, Mante and Lynch",http://www.rohan.com/,9/30/1972,5082 Laila Street,East Ivey,IA,12690
Herman Group,http://stracke.com/,5/8/2015,199 Runolfsson Brooks Apt. 442,North Leopoldo,AL,44639
Senger-Robel,http://www.damore.com/,5/5/1980,0948 Jalyn Course Apt. 201,New Emmettstad,MI,59506
"Macejkovic, Hagenes and Cartwright",http://christiansen.com/,5/10/2015,3045 Lueilwitz Station Suite 884,Mindyview,KY,34291
Kreiger-Powlowski,http://morissette.com/,7/11/1989,2513 Tatiana Ways Apt. 896,West Lesiamouth,WA,45922
"Sawayn, McDermott and Kub",http://www.keelingeichmann.info/,7/21/1994,068 Frederick Square Apt. 108,South Fletchermouth,MO,44599
"Sipes, Kuhic and Mosciski",http://www.blickchristiansen.com/,4/8/1991,1617 Clevie Spur,Port Coley,GA,96997
Veum LLC,http://boehm.com/,9/9/1971,81463 Koch Mills Suite 203,West Deidre,NJ,57921
Bode-Pollich,http://www.schaefer.net/,1/4/1983,485 D'Amore Plaza,Donovanview,NC,58220
"Schmitt, Vandervort and Schultz",http://www.abshire.biz/,11/6/2010,586 Jami Loop,East Camden,NH,51061
"VonRueden, Jerde and Koch",http://halvorson.com/,9/6/1995,8971 Stoltenberg Drive,Kaylenemouth,CT,35394
Balistreri-Von,http://reichertjast.com/,1/23/1974,4511 Claiborne Freeway,Legrosview,NC,23444
Thiel-Kilback,http://www.beckerschamberger.org/,4/20/1983,096 Immanuel Stream,Rubichester,CT,77157
"Batz, Larson and Kilback",http://will.info/,12/28/1996,268 Gibson Rapids,Elieborough,OK,52191
"Mills, Wilkinson and Prohaska",http://hand.biz/,8/28/2001,3752 Douglas Court,Althaton,MT,78060
"Buckridge, Kuphal and Mertz",http://www.fisherkuhic.org/,5/11/1990,195 Hammes Forest,Torphaven,DC,19820
"Thompson, Hoppe and Goodwin",http://predovicwuckert.org/,8/24/2002,46808 Cassin Heights Suite 786,Mrazton,PW,53510
Goyette Group,http://www.johnsbradtke.com/,12/20/1977,2739 Schaefer Mission Apt. 614,Orillaberg,OK,21482
Lueilwitz-Ziemann,http://oconnellcormier.info/,4/29/1987,6588 Mayer Creek Suite 377,Port Cartershire,UT,73880
Terry Group,http://www.medhurst.com/,4/27/1995,100 Wiliam Terrace,South Otha,AS,91478
Littel Group,http://kulas.org/,7/5/1987,474 Bosco View,Jaidenside,CT,81162
"Lind, Conroy and Kunze",http://hermiston.info/,11/11/1972,190 Langosh Cape,Durganberg,IA,99861
Goyette-Gutkowski,http://schulistruecker.com/,8/5/1985,88016 Cole Tunnel,East Pascaltown,ID,73679
Sanford Ltd,http://vonrueden.biz/,1/12/2014,9577 Devonta Trail,Tremblayborough,HI,75365
Beer-Hagenes,http://lefflersenger.com/,7/31/1987,564 Maryjane Walk Apt. 943,West Lashundastad,AL,65164
Murphy-Johns,http://www.ziememills.info/,6/15/1974,368 Amberly Fords Suite 923,Port Pleas,GA,45952
Senger-Wisozk,http://hermann.com/,12/31/1973,339 Gray Summit Apt. 345,Wunschton,GU,74951
Gerhold-Bahringer,http://dietrich.com/,6/22/1999,35745 Bergnaum Hill,West Gladyschester,SC,57420
Feeney-Haley,http://www.parisian.net/,6/15/1988,5888 Letta Forks Apt. 771,North Hildegardeside,MP,1994
Jakubowski-Miller,http://dubuque.com/,1/24/1970,75471 Wallace Stravenue,McDermottbury,MO,1204
Will-Moen,http://www.stark.biz/,1/23/2005,2451 Kerluke Freeway,Hermanland,NH,57112
Gislason Ltd,http://borer.com/,1/31/2001,17924 Evon Isle Apt. 658,Port Joanie,KY,4957
Dare PLC,http://nicolas.com/,9/5/1984,371 Jakayla Flats,New Celia,PA,96337
Labadie LLC,http://rippinziemann.com/,5/22/1977,98685 Hand Road,North Fronnie,ID,28684
Cole Inc,http://jacobson.com/,7/5/2007,9244 Wynona Burgs,Broganberg,HI,44631
"Davis, Jakubowski and Feeney",http://bartoletti.com/,12/9/1982,445 Bins Avenue Suite 552,Hicklestad,SC,21989
Medhurst-Herman,http://quitzonkuvalis.net/,5/8/1980,4120 Rogahn Ways Apt. 036,New Lularchester,OK,18010
Moore-Boyle,http://hagenes.com/,9/13/2015,596 Walker Turnpike Suite 502,Vonland,OR,17526
"Klocko, Zulauf and Strosin",http://dach.com/,9/2/1974,024 Caden Orchard,Jennifermouth,IL,79386
Dare-Stanton,http://www.rolfsondamore.org/,9/6/2000,122 Eunice Parks Suite 056,Port Paigestad,NH,4371
Crist and Sons,http://www.volkman.com/,4/10/2004,9576 Agatha Mount,Bauchton,NV,39289
"Wuckert, Casper and Homenick",http://www.bergnaumbeahan.info/,7/28/2003,5696 Stehr Stravenue Suite 405,South Shea,IN,20031
Goyette and Sons,http://king.com/,1/29/1994,37429 Hammes Brooks Apt. 672,East Bennietown,NY,95249
Shanahan Inc,http://www.pollich.info/,2/26/1999,5360 Euphemia Burgs Suite 317,East Cherrylland,ND,4470
"Adams, Gibson and Doyle",http://mohr.com/,8/7/2006,993 Lind Groves Apt. 170,Ezellton,DC,28913
Aufderhar-Swaniawski,http://www.kuhlman.com/,6/15/1980,5740 Wiza Branch,West Haileyborough,GA,27423
Jerde PLC,http://www.schroeder.org/,3/9/2013,805 Abernathy Station,Jacobishire,PW,44565
Medhurst and Sons,http://www.lesch.com/,3/15/1972,85242 Mosciski Drive,Brianport,LA,54174
Howe-Balistreri,http://www.hartmann.com/,11/23/1988,4359 Camryn Square Apt. 360,Danielborough,PR,28283
"Ortiz, Howe and Toy",http://mraz.org/,7/14/1971,54346 Jakobe Mills,West Tyshawn,NM,87438
Willms Ltd,http://harvey.com/,12/25/2002,8978 Santos Landing,Ahmadstad,CA,5017
Hyatt-White,http://www.torphywintheiser.org/,6/4/2005,8962 Sebastian View Suite 113,Jamieside,AR,40190
"Fay, Dietrich and Treutel",http://www.connelly.biz/,7/7/2011,2029 McCullough Trail Apt. 755,Schinnerburgh,CT,76465
Purdy-Purdy,http://wuckert.com/,2/12/1993,9294 Dickens Key Suite 343,Lake Moriahtown,AL,73524
Kreiger Inc,http://harvey.com/,3/31/2004,135 Herman Turnpike,Jewessmouth,AZ,37194
Larson PLC,http://www.olsonbrown.com/,12/10/1978,4764 Ina Lodge,Carrollport,HI,86031
"Schoen, Lind and Boyle",http://hauckokuneva.com/,7/25/1998,04408 Raynor Ranch Apt. 406,Lake Minnie,MN,12572
Spinka-Grant,http://rippinmarks.net/,2/25/1989,3593 McClure Spurs,Naomamouth,OK,9873
"Mills, Rempel and McDermott",http://schmeler.com/,3/7/1983,6088 Herman Branch Suite 802,Port Artaview,CO,12481
Klein Ltd,http://www.heaney.biz/,3/22/2003,439 Hurbert Run Suite 473,Thomasinahaven,VI,71792
Franecki-Prosacco,http://hessel.com/,12/6/1994,497 Moen Stream Suite 254,McClurechester,PR,20414
Gerlach-Smitham,http://www.reynoldsconroy.info/,6/28/1982,533 Wolff Extension Suite 418,Hoppechester,CT,70435
Botsford-Batz,http://www.prosaccocrooks.com/,9/1/1970,80597 Hills Meadow Suite 680,Manteville,OH,99514
Hickle Group,http://www.graham.org/,6/2/2014,8784 Harriette Mountain Suite 068,New Vinieshire,NH,27298
Upton and Sons,http://kutch.info/,9/29/2001,8812 Lovina Lights Suite 706,Lake Rylee,KY,58734
Johnson-Runolfsdottir,http://okeefereynolds.com/,2/3/1994,12635 Ryan Skyway Suite 561,South Gayle,WY,36360
"Dibbert, Spinka and Ferry",http://www.mannkohler.info/,1/16/1974,7817 Ariella Bypass,Tobiebury,MA,9063
"O'Kon, Wiegand and Stark",http://fisher.com/,11/12/1998,7769 Lenard Crossing,Agustaland,VI,39781
"Bartoletti, Effertz and Gleichner",http://www.eichmannheidenreich.com/,11/5/2012,32260 Jacobi Glen Apt. 567,Kertzmannstad,PA,21700
Zboncak-Zboncak,http://grantcormier.com/,1/25/1994,71541 Leighton Prairie Suite 226,Port Eldridge,TX,15108
"Leuschke, Denesik and Reinger",http://www.dooley.org/,4/4/2001,325 Jack Turnpike Suite 448,Mintastad,NE,43574
Batz-Stiedemann,http://heller.info/,12/6/1987,50209 Mertz Fork,Rebecamouth,MT,26516
"Schroeder, Bashirian and D'Amore",http://rogahnconroy.org/,11/13/1984,96033 Monte Road Apt. 348,South Jillian,TN,98100
Hoppe-Terry,http://marvin.com/,12/10/2000,917 Batz Via,Mullerburgh,UT,19473
Funk Ltd,http://boylekuphal.com/,3/4/2014,6579 Wilkinson Causeway Suite 850,New Bartholomewview,GU,8398
"Haley, Bins and Kris",http://www.harveyrohan.com/,4/25/1978,28610 Pauletta Pike,Lake Pandoraport,PW,46241
Haley-Grimes,http://www.kertzmann.com/,7/4/1980,8078 Lind Centers,Russellton,FL,95551
"Kohler, Cummerata and Franecki",http://www.schmidt.com/,4/9/1972,070 Shemar Land Apt. 453,Deckowmouth,ND,64454
Hettinger and Sons,http://medhurst.com/,4/13/1997,769 Gottlieb Mews,South Penniside,IN,47029
Cole Ltd,http://www.cartwright.com/,7/9/1983,578 Indiana Lakes Suite 983,New Syedhaven,IN,33039
Bogan Group,http://schamberger.com/,10/11/1973,4979 Murazik Lodge Apt. 447,Marissatown,IL,14103
Schuppe-Hintz,http://binsvolkman.org/,12/23/1991,4923 Colie Vista,Kuvalisland,NC,75138
"O'Kon, Oberbrunner and Maggio",http://fahey.com/,7/3/1996,724 Jaidyn Street,Lake Heavenmouth,ND,22774
Rolfson Ltd,http://altenwerthjacobson.com/,2/29/1992,2004 Humphrey River,East Storm,DC,25581
"Gusikowski, Reinger and Rutherford",http://www.conroyblick.com/,10/11/1980,879 Jacquelin Viaduct Suite 917,South Deryl,AK,39354
Emard LLC,http://schoen.net/,8/5/1991,4066 Wiegand Field,Feestfort,OR,15455
"Hammes, Brakus and Torphy",http://www.herman.com/,11/16/2012,62956 Treutel Extensions,South Audriannamouth,ND,98066
"Rolfson, Morar and Jones",http://weimannstiedemann.com/,1/14/1981,170 Ruecker Burgs,Joseluisville,IN,51561
Farrell-O'Connell,http://www.hudsondare.com/,11/20/1974,579 Walsh Drives Apt. 481,North Rayford,DE,65969
"Thompson, Ullrich and Klein",http://www.jacobskuhic.com/,1/21/1994,131 Ole Crossing,Kaylenville,DC,3295
Ankunding LLC,http://wilkinson.org/,2/20/2014,32324 Lesch Spring Suite 949,Hegmannberg,TN,81943
Stanton Inc,http://www.fisherkub.com/,9/1/1970,807 Johns Streets Suite 905,Durganmouth,OK,62824
Johnston Group,http://www.raynor.net/,11/6/2014,222 Treasure Shores Apt. 617,Noelton,DC,70956
"Jast, Zemlak and Kemmer",http://www.shieldssporer.info/,3/29/2002,82289 Corwin Lakes,New Rayne,OH,81002
Kling and Sons,http://harvey.biz/,8/8/1994,137 Marchello Tunnel Suite 754,Liddiechester,PA,41693
"Watsica, Heller and Bechtelar",http://anderson.com/,11/14/1989,02681 Schimmel Streets Suite 376,West Dorthey,PW,49889
"Runolfsson, Johns and Hansen",http://gutkowski.org/,7/21/1970,934 Littel Extension Suite 919,North Olivia,NV,41648
"Effertz, O'Conner and Walker",http://kundelangworth.com/,10/30/1973,970 Eunice Lake,Lake Jayeview,WY,10000
"Erdman, Leannon and Spinka",http://www.watsica.com/,5/18/1986,809 Aubree Loop Apt. 623,New Lurena,MA,76239
Mayer-Kuvalis,http://www.von.com/,6/15/1994,271 Zieme Key Apt. 641,Lake Carmenview,NE,11300
Swaniawski Ltd,http://www.boscodaugherty.info/,8/26/1971,1399 Rhys Spur,Glennport,CO,53871
Beatty-Eichmann,http://kub.com/,10/28/2000,747 Benita Trafficway Apt. 679,Shyannfort,HI,28244
"Auer, Oberbrunner and Jones",http://gerhold.com/,6/11/1986,2057 Hegmann Summit,West Tyreek,MH,27539
"Lueilwitz, Altenwerth and Durgan",http://nolanhowell.com/,3/18/1979,008 Najee Groves Suite 569,South Brigid,MI,97851
"Zieme, Koss and Bosco",http://www.stanton.com/,8/21/1983,308 Cartwright Estates,Byrdietown,IL,24464
"Ullrich, Stark and Effertz",http://www.jerde.com/,5/28/2015,853 Josie Village,New Caitlynnport,PW,3747
Thiel-Green,http://von.com/,2/5/1970,856 Julisa Squares,Lake Garnettberg,NJ,37446
Terry-Hayes,http://koeppgerlach.biz/,12/21/2008,2535 Aurelio Crescent,West Darcy,DC,67052
Buckridge Ltd,http://cruickshank.com/,12/23/1994,009 Skiles Row,Lake Consuelotown,WA,49679
Casper PLC,http://kutch.com/,6/23/1981,5572 O'Reilly Crest,Konopelskiburgh,PR,8616
Cronin Group,http://www.lemke.info/,10/27/1981,356 Roberts Circle Suite 776,Schaefermouth,CT,64087
Roob Inc,http://pfeffer.com/,1/18/1990,90100 Zelma Via,East Elissa,VA,67704
Zemlak PLC,http://www.stokes.com/,2/9/2007,442 Ernest Skyway,Pauletteburgh,TN,39032
Lebsack-Ernser,http://carrollbergstrom.biz/,11/15/1992,8748 Schuppe Lights Apt. 283,Port Thorfort,AR,46871
"Graham, Fisher and Gutmann",http://www.hoppe.com/,8/30/2001,640 Somer Mission,North Shareemouth,SD,1219
"Fahey, Hudson and Pfannerstill",http://kihn.com/,2/14/2003,632 Kaia Terrace,Wellingtonfort,MT,51347
Rutherford-Homenick,http://www.steuber.com/,2/18/1989,9632 Schneider Mission,East Alyce,FM,2452
"McLaughlin, Haley and Hackett",http://www.lindgrenhaag.com/,4/17/2012,412 Bashirian Fords,Graftonmouth,LA,18070
"Heidenreich, Stiedemann and Baumbach",http://www.reilly.com/,5/24/1991,840 Therese Forge Suite 183,Swiftland,LA,50687
Conn-Boehm,http://barrows.com/,3/29/1976,309 Larkin Run Suite 440,South Angelestown,TN,11208
Anderson-Grady,http://raynorgoyette.com/,6/25/2013,04068 Florian Island,Guthriefurt,AZ,50350
"Frami, Lueilwitz and Schaden",http://jakubowskicartwright.com/,8/19/1991,1101 Nitzsche Spur,Wardland,IL,86161
"Monahan, Mante and Moore",http://wilkinson.biz/,12/16/2002,8809 Wilkinson Ford,Councilfort,WA,37026
"Cruickshank, Donnelly and Pouros",http://mante.com/,3/10/1978,8880 Jerde Summit,Jazlynnshire,OR,73807
"Doyle, Beatty and Zboncak",http://www.kertzmann.com/,4/1/2011,60222 Sipes Plain,Spencerside,DE,50403
Zemlak LLC,http://www.weimann.biz/,8/27/1997,7705 Fay Valleys,Dollstad,FM,40198
"Moen, Fay and Mayer",http://botsford.com/,3/12/1978,45997 Towne Vista Suite 637,Runolfsdottirview,KS,42667
"Thompson, Moen and Bode",http://www.prosacco.com/,11/25/1981,16104 Bartell Lakes,Reannaland,CO,31949
Wunsch LLC,http://www.anderson.biz/,3/19/2014,0631 Hoy Ramp Suite 108,Mosciskimouth,HI,76433
"Johnston, Blick and Braun",http://www.mayer.com/,5/11/2008,18751 Jacquline Manor Apt. 919,Littlestad,IN,8824
"Shields, Borer and Barrows",http://cruickshank.com/,1/6/1997,7821 Daniel Parkway Suite 805,Port Devynfort,HI,88232
Buckridge-Stiedemann,http://dickinson.biz/,12/31/1984,67455 Lem Route Suite 389,Avahmouth,NY,23375
"Weimann, Stroman and Schamberger",http://www.jonescremin.com/,6/21/1984,8403 Luettgen Expressway,Lake Burnice,SD,49917
"Lockman, Armstrong and Jacobson",http://www.prohaskamarks.org/,9/28/1996,856 Lotta Radial Suite 027,Abbottborough,ID,25153
Hessel Ltd,http://www.rennergoyette.com/,9/11/1971,67696 Cesar Green Suite 587,Lynwoodland,OK,26335
"Predovic, Balistreri and Funk",http://www.oconnerjaskolski.net/,11/3/1991,03272 Zelda Turnpike,West Darwinfurt,MD,68486
Smith-Weissnat,http://www.fisher.info/,3/27/2000,262 Maggio Tunnel Apt. 096,Stokesview,IA,87865
Lind LLC,http://www.hintz.info/,8/13/2008,154 Huston Wall Suite 437,Swaniawskishire,RI,51454
Walsh and Sons,http://dach.com/,8/21/1970,3461 Shanda Extensions,North Norbertoborough,VA,24956
Bailey-Herman,http://www.lebsack.com/,1/10/2012,4484 Elwanda Points,Robelville,MH,38464
O'Kon and Sons,http://www.hettingermurphy.com/,3/23/1975,6268 Franecki Cliff,Mychalchester,PR,48005
Tillman-Pouros,http://www.connellywaters.biz/,2/2/2013,83960 Witting Road Apt. 888,South Jayla,PW,93036
Runolfsdottir-Harris,http://www.rowe.biz/,6/8/2009,8537 Murphy Ville,South Landan,AZ,82586
Keebler-Crist,http://www.swaniawskirussel.com/,5/30/2015,441 Emmerich Terrace Suite 986,Jereltown,NC,5819
Stark Ltd,http://www.daugherty.com/,9/18/1975,794 Frederic Mill Apt. 732,Gibsonmouth,ID,29134
Bartoletti Inc,http://www.predovicstark.net/,6/27/1994,22624 Leffler Lodge Apt. 062,Schummton,NC,82518
"Renner, Lebsack and Kuhlman",http://kiehnsporer.org/,5/14/1973,56543 Stark Village,Dionnefort,KY,74460
"Senger, Harvey and Grant",http://www.beier.info/,12/24/1987,5861 Ashlynn Route,South Forest,OR,89100
Block-Hyatt,http://www.wunsch.com/,10/31/1991,8213 Predovic Ville Suite 271,Daniland,VI,7614
Weber-Ortiz,http://www.labadie.biz/,10/21/1976,77474 Zieme Brooks,Boyerfurt,CA,68403
"Rutherford, Hoeger and Cronin",http://morarhirthe.com/,3/15/1988,9033 Hilpert Station,Georgiaburgh,NM,58235
Langworth Group,http://www.lindgren.com/,5/9/1983,164 Kub Court,Jaminview,ND,36204
Kirlin Inc,http://nicolas.info/,1/24/2009,457 Labadie Ridges Apt. 876,Eichmannview,AS,2707
"Mosciski, Tromp and O'Conner",http://harber.com/,3/20/1974,532 Aurora Bypass,Lake Elvina,WY,92484
Kulas and Sons,http://www.jacobson.com/,6/27/2007,283 Rolla Meadows,Ocieland,OH,49206
Volkman Inc,http://lebsack.com/,11/8/2013,1519 Zakary Cliffs Suite 321,Bobbymouth,UT,30184
Cremin and Sons,http://strosinfeil.com/,10/2/2001,72238 Fay Spring Suite 294,Yoelmouth,MT,44767
"Ruecker, Cremin and Fritsch",http://www.windler.org/,7/16/2007,312 Glendora Lakes,North Humberto,NH,31438
Keebler Ltd,http://www.kuvalisdurgan.net/,12/9/1977,44840 Ewin Inlet,Port Vicyside,DE,74072
Douglas-Dicki,http://www.wolff.com/,6/22/1990,1024 Swaniawski Inlet,Benjamenport,DE,23180
"Lynch, Kshlerin and Kuhic",http://www.kassulke.com/,2/6/1971,30934 Dorsey Brooks Apt. 550,New Luluton,MI,13128
Stamm Group,http://kihn.com/,10/8/1972,24659 Littel Oval Suite 838,Port Napoleonfurt,DE,13378
"Crooks, Eichmann and Nienow",http://lynchjohnston.net/,3/19/1989,8604 Storm Mountain Suite 127,Lyricfurt,GU,10823
McGlynn LLC,http://cormier.com/,2/11/1973,5431 Mertz Greens,Kylashire,UT,92036
Parisian-Waelchi,http://www.smithlesch.com/,1/2/1992,7579 Glover Mountain Suite 889,Bayerberg,CA,25819
Gutmann PLC,http://bailey.info/,2/1/1993,88887 Nat Crest Suite 207,Port Tess,MP,72232
Marquardt-Stroman,http://www.naderzboncak.com/,8/4/2006,32161 Sharlene Mall Apt. 646,Port Gusta,NE,82914
Dach-Leannon,http://greenholt.com/,10/25/2012,2178 Killian Lodge,Tellyside,PW,24419
"Green, Hagenes and Turcotte",http://www.mcdermott.biz/,10/24/1989,8709 Holly Spurs Suite 917,Linseyton,UT,48809
"Parisian, Reichert and Littel",http://durgan.com/,7/20/1981,5527 Enid Road Apt. 855,Lavernechester,MH,86677
Rowe and Sons,http://www.gleason.com/,12/8/1972,8986 Kathrine Track Suite 061,New Salomon,AZ,95654
Gulgowski PLC,http://oconnell.info/,7/2/1994,92217 Johnson Street Suite 677,Brienfort,TX,8669
Barton Ltd,http://klein.com/,11/22/1994,2518 Gislason Drive Apt. 025,West Sadeshire,TN,68065
Dickens Ltd,http://steuber.com/,5/3/1990,244 Jones Grove Suite 845,New Adelynn,SD,36595
Hagenes-Hirthe,http://heathcote.com/,2/15/1988,462 Brandi Meadow Suite 340,Mertztown,DC,88862
Bayer Group,http://www.rosenbaum.com/,6/4/1993,3658 Almond Center Suite 733,East Freida,RI,79066
Schuster-Schneider,http://legros.com/,7/22/2007,741 Swaniawski Turnpike Apt. 962,Howellberg,OH,42044
Funk-Mueller,http://www.hilpert.com/,10/30/1991,384 Alva Manors Suite 235,Fredietown,MS,74517
Kuhn Ltd,http://schneider.info/,4/5/1971,25248 Kylene Courts,Tillmanland,OH,43355
"Murazik, Bartell and Gerlach",http://beier.com/,11/20/2010,26380 Conroy Flats Apt. 349,Hayesmouth,NE,86792
"Donnelly, Nolan and Stark",http://sipesrunolfsson.com/,2/18/1980,74432 Bess Ville Apt. 769,South Sarah,PA,79484
Dicki PLC,http://www.wolf.net/,2/16/1985,105 Hudson Lodge Suite 552,South Eula,ID,67188
Rodriguez and Sons,http://www.krajcik.com/,11/23/2010,70607 Luciano Meadow,Dottiemouth,KY,40783
Friesen PLC,http://heaney.net/,1/30/2011,3591 Julissa Crossing Apt. 925,New Obe,NJ,26194
Hermann-Emard,http://www.vonruedenpagac.com/,6/18/1977,77453 Will Ranch,Port Jameland,GU,62661
"Cormier, Mann and Beatty",http://www.robelwuckert.biz/,5/17/1985,1898 Dickens Ports,Lake Silasburgh,ND,35001
"Swift, Jacobi and Schimmel",http://www.zulauf.com/,11/15/1984,95886 Veda Well,Lake Kentonland,AZ,94793
McGlynn-Paucek,http://murphyromaguera.info/,7/26/1989,1193 Aliana Key Suite 184,West Camrynville,ND,2992
"Smitham, Daugherty and Dickinson",http://cassin.com/,4/8/1972,5927 Dalton Knolls Suite 537,Channingland,AZ,33346
"Moen, Hoppe and Green",http://www.purdy.com/,10/23/1994,31711 Loyd Drive,Donnellymouth,NV,32568
Hessel LLC,http://anderson.com/,2/8/1991,60023 Timmy Wells Suite 823,Jakubowskistad,WV,27971
"Collier, Hayes and Hagenes",http://starkoconnell.com/,5/15/1998,2289 Rodriguez Ridge,Luettgenchester,KS,30390
"Corwin, Littel and Keebler",http://www.veumbosco.com/,7/8/2006,2542 Jason Way Suite 512,Trinafurt,IN,96030
Spencer-Bernhard,http://www.lang.com/,5/25/1988,070 Patricia Burg,New Rudolphville,MD,76325
O'Hara PLC,http://www.blickjohns.net/,10/10/1980,18159 McKenzie Alley,Morissettefort,AS,4486
"Johnston, Mosciski and Johnston",http://www.wisokyharvey.com/,7/1/2000,392 Schultz Village Suite 897,Bryannahaven,GU,54751
Smith LLC,http://www.tremblaycronin.com/,6/20/1998,776 Lemke Hills Suite 256,Ottiliaborough,OH,64980
"Kreiger, Mueller and McLaughlin",http://www.balistrerinienow.com/,3/5/1994,602 Kris Fort Suite 710,West Qiana,MI,79158
Lebsack-Frami,http://www.sipes.com/,9/20/2005,314 Bergnaum Stream Apt. 330,Cinthiamouth,SD,78611
Daniel and Sons,http://www.rice.biz/,7/6/1980,654 Schuppe Prairie Apt. 464,North Brittaniberg,MP,6932
Lang and Sons,http://conroy.org/,11/1/1995,35278 Fritsch Crescent Suite 060,Windlertown,VT,57877
Huel-Crooks,http://www.mckenzieoconnell.biz/,9/6/1982,2986 Birdie Plains Suite 197,Regenahaven,IA,7058
Borer Inc,http://boehm.info/,5/8/2011,76338 Mont Junction,Lockmanstad,MI,99480
"Collier, Windler and Ullrich",http://www.monahantillman.com/,4/14/1972,3645 Homenick Road Suite 941,East Lulaburgh,NY,79496
"Kautzer, Homenick and Luettgen",http://flatley.com/,9/27/1973,29005 Arlen Fields Suite 191,South Ivan,RI,31337
Rodriguez-Ryan,http://gibsonvandervort.com/,1/12/2007,513 Yasmine Common Apt. 349,West Calhoun,HI,50526
Zboncak and Sons,http://runolfsson.com/,1/21/1989,96458 Conn Plains Apt. 941,East Terra,MS,59537
Herman-Gutmann,http://www.mosciski.biz/,8/21/1978,002 Alberto Rest,North French,IA,37855
Barton Group,http://www.dubuque.com/,3/13/1992,457 Celeste Isle,Lake Hayward,WY,21329
Treutel-Aufderhar,http://www.runolfsson.com/,1/2/1997,04630 Bernhard Squares,Schmelerport,GU,34919
Bogisich-Lebsack,http://brakus.com/,5/24/1987,360 Kunde Forge,Verleneshire,KY,39158
Erdman PLC,http://effertz.com/,9/30/2005,9075 Kshlerin Unions,Rueckerfurt,HI,55455
Feil and Sons,http://www.morar.com/,4/8/2008,27580 Jens Overpass Suite 576,Bechtelarmouth,FM,57719
Stiedemann-Haag,http://goldnerswift.com/,3/19/1978,76654 Batz Squares,Danelleburgh,GA,36210
Mertz-Littel,http://www.huels.com/,10/17/1994,67396 Klocko Plaza,South Alesiahaven,MO,17808
Carroll Inc,http://www.rosenbaumhegmann.com/,6/4/1986,8348 Matt Hollow,North Delma,MA,6260
Orn-Schroeder,http://kihn.com/,7/30/1988,4000 Harvey Overpass,West Tatianna,NH,27413
"Wunsch, VonRueden and Franecki",http://auerwintheiser.com/,6/7/1995,5954 Tiffani Tunnel Suite 621,East Delmaview,VT,32211
Bode-Glover,http://hermiston.com/,6/21/1975,07888 Jabbar Crest,Josetteside,WV,34161
Greenfelder PLC,http://www.hegmannkuvalis.com/,1/21/1996,642 Kulas Club Suite 482,Caesarside,DC,46446
Balistreri PLC,http://www.hand.com/,2/3/2012,3937 Mayert Corner Apt. 453,New Abbie,KS,72509
Swift-Dickinson,http://funk.com/,3/17/1975,3797 Paralee Prairie,Lake Juddburgh,PA,5520
Hackett PLC,http://www.lueilwitz.org/,5/19/1985,11003 Greenholt Isle,East Schley,NV,77553
"Mitchell, Spencer and Feest",http://www.gulgowskirice.com/,2/22/1992,0105 Kelly Cliff Apt. 139,Roxannmouth,MA,53436
"Gerhold, Mann and Balistreri",http://www.williamson.net/,11/20/1978,32564 Jerde Lights Apt. 840,Lonshire,FL,99476
Botsford-Bradtke,http://www.erdman.org/,2/10/2008,2340 Howell Square,Boehmmouth,NJ,80376
"Howe, Powlowski and Littel",http://www.lueilwitz.com/,10/5/1997,195 Martina Cape Apt. 805,Liseview,MI,26333
Oberbrunner-Jerde,http://www.hackettrippin.com/,2/7/2013,2615 Frami Prairie Suite 254,Jorettaton,KY,55001
Predovic Inc,http://robel.net/,5/12/1992,129 Trantow Courts,Malissiehaven,CA,39145
Homenick-Boehm,http://www.schowalterkuvalis.com/,5/29/1984,3331 Ernser Mall Suite 316,North Ebenezerborough,OK,83267
Hammes LLC,http://jacobson.com/,9/9/2006,895 Arley Stravenue Suite 082,Thurstonshire,OR,79925
Runolfsdottir-Nader,http://www.hillsmckenzie.com/,12/20/2006,48330 Darryl Meadow Suite 713,New Pearley,MI,90007
"Deckow, Braun and Bergstrom",http://www.abshire.com/,5/12/1999,632 Grady Fort,New Romanmouth,MD,32798
Grady-Pollich,http://www.considine.net/,1/7/1970,6144 Ratke Land,Hodkiewicztown,GU,66496
Stehr-Torphy,http://www.kozeylarkin.net/,8/6/1989,399 Kreiger Manors Apt. 026,North Shanaefort,PW,21971
Paucek PLC,http://www.stokes.com/,2/24/1976,362 White Via,Jordynport,NV,8791
Thompson LLC,http://www.mclaughlin.com/,4/13/1978,2053 Casimir Brook Apt. 744,North Rollaborough,WI,26113
Orn-Wintheiser,http://weimann.net/,2/6/1972,89656 Izabelle Islands Suite 627,Lulaburgh,DC,14045
Sporer-Moen,http://www.braunadams.biz/,2/13/1989,76730 Farrell Port,Shreyafurt,AS,25385
Cruickshank Group,http://kautzer.info/,5/16/1986,31380 Weissnat Street,East Jaylynchester,FM,45652
Schaden-Kemmer,http://roob.com/,2/12/1982,22673 Stacy Ports Apt. 732,Emardfort,CA,89148
"Pfeffer, Pfeffer and Rippin",http://lakin.info/,3/7/1974,8083 Chase View Suite 464,Blossomhaven,MD,64369
Durgan-Rohan,http://www.rempelmuller.com/,11/12/1974,2048 Tevin Roads,Lake Dorris,CT,10918
Buckridge-Lueilwitz,http://kulas.com/,8/8/2002,1711 Dewey Harbor Apt. 814,Lebsackport,CA,75702
Boyle Group,http://okeefemohr.com/,3/18/1997,50755 Mraz Garden Apt. 611,East Sonja,TN,61902
Dare LLC,http://www.sauer.com/,8/18/1996,905 Amparo Springs Apt. 345,West Angel,NJ,74654
Crooks-Von,http://www.marks.biz/,6/1/1975,5171 Kenna Pass,Mayerland,AR,70751
"Kovacek, Jerde and Medhurst",http://www.abbott.com/,3/4/1984,45748 Wilderman Point,West Lethastad,NY,75233
Brown-Cormier,http://www.parisianadams.com/,1/6/1989,4198 Mraz Lake,New Shamika,TX,6292
Renner-Yost,http://www.parisianhessel.com/,7/19/2007,491 Daugherty Cliffs,Hilpertchester,WI,82130
"Lindgren, Senger and Kutch",http://stokes.com/,5/12/2009,4284 Raul Key Suite 147,Desiborough,VA,37857
Dickens-Luettgen,http://hills.info/,11/8/2004,0802 Schulist Inlet,Tremblayburgh,ND,58626
McKenzie PLC,http://www.dicki.com/,7/10/2001,501 Hackett Field,East Briandaside,NY,65084
Tremblay Inc,http://hagenes.net/,3/10/1998,3794 Legros Drive Suite 637,Jerdeview,MH,64694
"Prosacco, Stoltenberg and Walter",http://quigleyfunk.com/,4/28/1985,92852 Giuliana Pines,Hanehaven,WY,48015
Rutherford PLC,http://www.franeckischulist.biz/,7/14/2011,238 Senger Ridges Apt. 620,Linkfurt,HI,67692
Bailey-Block,http://www.townekohler.com/,4/21/1973,1364 Arminda Shoals,Hesselmouth,MO,25909
Beahan LLC,http://www.terry.com/,4/5/2008,35639 Richmond Way,New Vincebury,MT,17866
"Gutmann, Powlowski and Cormier",http://www.bruenmarquardt.com/,2/22/2013,807 Burnell Village,Bobview,MP,24328
Ritchie-Upton,http://keebler.org/,9/1/1993,14549 Sadye Meadow,Port Weaver,KS,26101
Berge-Hilll,http://www.kovacek.info/,10/20/2001,450 Hand Loaf Apt. 705,New Carleton,VT,72144
Ullrich-Frami,http://www.schuppe.biz/,3/5/1989,4247 Diamond Stream Apt. 793,Ahmadport,OK,10106
"O'Hara, Bednar and Lynch",http://www.wisozkborer.com/,7/3/2015,1070 Orn Keys Apt. 075,Balistreriton,ID,31028
"Schneider, Erdman and Schoen",http://boehmschneider.biz/,12/30/1985,03793 Powlowski Centers,Jonesfort,OK,97589
"Hagenes, Dibbert and Stoltenberg",http://schuppemertz.biz/,4/8/1987,479 Nitzsche Estate Apt. 433,Lake Octa,MA,68005
"Bins, Leannon and Hermann",http://www.goyettejohns.com/,10/4/1977,8893 Shiela Turnpike,Port Whitneybury,NM,24934
"Stehr, O'Kon and Muller",http://schuster.info/,2/6/1999,164 Bee Groves,Alviashire,DC,20926
Block PLC,http://www.mcclure.com/,10/8/1978,2920 Harland Points Apt. 152,Lake Kenya,MT,31493
Treutel-Langworth,http://www.marks.com/,10/20/1982,051 Vidal Junction,Celestinebury,MA,14490
Medhurst-Hamill,http://www.franecki.com/,10/11/1974,0966 Borer Knolls Suite 486,Jillianside,FM,3463
"Murazik, Herman and Runolfsdottir",http://bernhardterry.com/,2/10/2005,5625 Beahan Rapids Apt. 157,Monahanburgh,AK,76712
Veum Ltd,http://kilback.com/,2/29/2000,53589 Beier Trail Suite 927,North Berniceland,TX,87100
"Bailey, Raynor and Littel",http://www.jast.com/,9/10/2013,2133 Lowe Roads Apt. 661,Abbottshire,NM,38547
Hermiston LLC,http://mcdermottlindgren.org/,12/27/1991,04694 Klein Coves,West Rhysside,PW,25396
"Gorczany, Ritchie and Ryan",http://www.watsica.com/,1/14/1974,4879 Goldner Lights,East Alexandr,PR,66047
Konopelski PLC,http://leuschke.net/,2/11/1989,261 Miguelangel Springs,Keatonshire,ND,38737
"Ryan, Turner and Koelpin",http://www.herzogkihn.org/,9/6/2004,888 Zemlak Harbor Apt. 201,Lake Hartwellstad,ID,62924
Oberbrunner PLC,http://www.senger.info/,4/11/2009,5437 Keebler Crest,Lake Kameronfurt,AS,63292
Schaden-Stiedemann,http://www.hayeschristiansen.com/,6/5/1991,195 Cruz Ways,North Debmouth,IN,15495
"Goldner, Hartmann and Huel",http://www.wunschsanford.com/,11/20/2002,3551 Myrta Cape,Schinnerside,NJ,68388
Boyle-Brakus,http://www.stantonroob.com/,6/3/1982,709 Walter Centers,New Floybury,TX,19328
Ratke-Huels,http://millseichmann.net/,2/15/1977,18016 Pfannerstill Station,West Lynne,WY,95709
Ortiz Ltd,http://sauer.com/,2/15/1980,550 Larson Mission,Jessehaven,MD,36324
"Carter, Goldner and Monahan",http://www.waelchi.com/,9/23/1981,767 Ab Creek Suite 022,Port Hadassahhaven,OH,84713
Leffler-Kreiger,http://www.moen.com/,6/15/2009,506 Streich Mountain Apt. 204,West Crissyland,CO,67588
"Rolfson, Bernier and Macejkovic",http://www.fisher.com/,6/24/1978,8592 Dach Centers Suite 717,Lake Audra,OR,97701
Stehr-Smith,http://www.goyette.net/,6/24/1987,6013 Huels Bypass,Lake Kareemview,GA,6722
Strosin-Sanford,http://www.kuphal.com/,7/18/1981,034 Rigoberto Rest Suite 177,Port Skyla,WA,45547
"Hane, Schuster and Pagac",http://pourosbradtke.com/,6/7/1998,821 Wunsch Plains,Lake Claus,MN,19367
Grady LLC,http://haley.com/,1/18/1975,37290 Corwin Key,Deantown,FL,22449
Feil and Sons,http://www.oconner.org/,10/20/1987,984 Skiles Meadow,Lake Leonoreville,MO,19791
Brekke-Flatley,http://www.mitchellpouros.com/,12/20/1979,84225 Phoenix Mountains Apt. 216,Amiahville,VT,43044
Shanahan PLC,http://www.kreigerbatz.info/,7/22/1993,8715 Johnson Corner Apt. 926,Port Ceasar,AK,89003
Prosacco Ltd,http://www.mitchell.org/,6/12/1999,9414 Senger Port Suite 162,South Toystad,NY,80026
Emmerich Ltd,http://halvorson.com/,1/4/1994,7882 Kutch Village Suite 957,Lake Georganna,AS,13484
Reynolds-Yost,http://grantvandervort.com/,11/6/1996,145 Schumm Wells,East Meyermouth,NY,86262
Zulauf Inc,http://rutherfordhagenes.com/,9/16/1999,9882 Ronda Harbor Suite 175,East Alessandro,GU,92190
Kris Inc,http://prohaska.biz/,11/22/1974,92027 Talon Mountains Suite 634,Zboncakfort,DE,69844
"Maggio, Hartmann and Pfeffer",http://www.zemlakledner.org/,8/31/1999,314 Brook Plain Apt. 995,Schmelermouth,TN,63792
Williamson-Mohr,http://ankundingconnelly.com/,10/9/1972,0816 Bechtelar Plain,Fridaburgh,NE,30360
Stamm-Pagac,http://www.durgan.com/,11/16/1988,641 Ruffus Crossroad Suite 230,North Donatburgh,VA,73920
Hodkiewicz-Morissette,http://www.emmerich.com/,12/21/1971,9663 Zackery Shores Suite 282,South Willowshire,AS,63910
"Tillman, Metz and Renner",http://king.com/,2/4/1990,5911 Klocko Route,Romonastad,HI,32056
"Kovacek, Lind and Treutel",http://muellerrenner.com/,3/29/1983,3672 Semaj Union Suite 431,Lake Lisetteberg,HI,27038
Stanton-Lynch,http://gulgowski.org/,3/11/2008,70206 Metz Walks Apt. 978,Kuhlmanland,ID,24517
"Nikolaus, Larson and Runte",http://gaylordmayer.org/,1/22/2004,426 Humberto Locks Suite 500,Lessietown,OH,65984
"Kuvalis, Batz and Smitham",http://kautzer.com/,9/3/1977,7831 Jane Greens,New Manuelton,VI,67255
Kling Group,http://bauchschmeler.biz/,3/3/2014,0769 Frami Tunnel Suite 912,New Esperanzaborough,FM,79566
Hackett LLC,http://www.schmeler.com/,8/1/2003,219 Cody Turnpike,Kunzeton,MD,12606
"Hermann, Turcotte and Labadie",http://www.medhurstwilkinson.com/,3/19/2007,51986 Hall Court Apt. 163,Robelchester,CT,31254
"Stehr, Rau and Schaden",http://dach.com/,6/19/1988,881 Antonio Harbors Apt. 638,Lake Vallietown,PA,65745
"Denesik, Wehner and Carroll",http://larkinwelch.com/,10/19/2011,7968 Emard Streets,West Ivyview,TN,18754
"O'Kon, Sipes and Price",http://smith.com/,5/15/1988,91748 Towne Fields,Port Catheymouth,NV,41105
Barrows-McKenzie,http://weissnataltenwerth.com/,11/23/1991,64848 Krysta Dale,Andersonmouth,GA,37991
Kunze and Sons,http://www.dooley.com/,11/30/1975,085 Spencer Locks Apt. 268,North Michale,MD,25406
"Murphy, Yost and Harris",http://haagmccullough.com/,5/4/1972,15090 Pacocha Grove Suite 240,North Olan,FL,72219
Mante Ltd,http://www.keeblerdamore.info/,4/21/1991,627 Destry Avenue Apt. 955,Hauckland,ME,7232
"O'Hara, Hand and Davis",http://rodriguez.com/,5/31/2004,5476 Mintie Parkways,Port Amiyafurt,VT,85775
Kris and Sons,http://www.farrell.info/,12/20/2014,42478 Zula Courts Apt. 030,West Sheilah,GU,80834
Hilpert Inc,http://klein.com/,2/26/1977,440 Atha Drives Suite 815,Pasqualemouth,MP,74241
Conn PLC,http://www.barton.info/,4/14/1989,915 Kamryn Skyway,Maxfort,OK,28208
Funk-Hansen,http://www.windler.com/,3/27/1985,600 Koss Landing,East Darrel,PA,48605
Bednar-Altenwerth,http://www.feilschoen.com/,1/3/2000,0804 Hayes Ranch,Hamillview,PA,15573
"Mohr, Beier and Terry",http://hand.com/,5/23/1996,070 Zboncak Isle,Lockmanborough,NC,56131
Lang-Stanton,http://www.spencer.com/,8/15/1975,354 Brittney Meadow,Hillsville,DC,16075
Walter Ltd,http://www.satterfield.com/,4/24/1998,336 Kulas Island,North Violettahaven,ID,97397
"Hodkiewicz, Koepp and Hammes",http://www.schultz.com/,7/24/2011,67666 Emile Ramp,New Irenechester,CT,78897
"Ondricka, Block and Shields",http://skiles.biz/,5/14/2009,743 Hallie Junction,North Harley,MI,96213
Dicki-Lesch,http://mayert.com/,4/7/1987,1867 Glynis Plaza Suite 881,Christburgh,NC,3133
Monahan-Kohler,http://www.jenkinssporer.com/,1/20/2003,85146 Ancil Island,North Wayneton,CA,57962
West Group,http://www.witting.net/,8/25/2009,47315 Nicolle Lake Suite 444,Lake Deltonmouth,AZ,65274
Huels-Jacobs,http://www.reilly.com/,10/5/2014,9725 Schmitt Radial,Reillyborough,DC,93050
Spencer-Monahan,http://cruickshank.com/,12/5/2010,62770 Runte Avenue,Willaland,OR,1473
